zone_code,pop_all,AREA,fnum_library,fnum_hospital,fnum_clinic,fnum_hospital(internal),fnum_clinic(internal),fnum_sygakko,fnum_chugakko,fnum_yochienkodomoen,min_dist2sta,dist2Utu,yotochiki,farea_residence,farea_shop,transit40farea_shop,car5farea_shop
119091-67543,1727,157277.3461,0,0,1,0,1,0,0,0,2932.980179,2932.980179,第二種中高層住居専用地域,56687.05641,2543.326672,897147.0853,293657.8155
119091-67443,1274,236997.3093,0,0,1,0,0,1,0,0,3368.845654,3368.845654,第二種中高層住居専用地域,50273.50313,2181.55667,566516.482,116243.1336
119091-67541,2420.482328,309625.1208,0,0,0,0,0,0,1,0,3213.396152,3213.396152,第二種中高層住居専用地域,97141.1691,2359.831177,772793.4293,164670.3989
122000-00000,5312,732119.2949,0,0,3,0,2,0,0,0,2747.024327,2747.024327,第二種中高層住居専用地域,200578.4364,5329.149549,684138.8942,223493.5368
119091-67432,1459,231580.6762,0,0,1,0,0,0,0,0,3270.357778,3270.357778,準工業地域,74909.13368,2239.742038,627589.5972,111745.0248
121000-00000,36,253017.4818,0,0,0,0,0,0,0,0,3726.227068,3726.227068,準工業地域,4915.493279,1637.162967,380148.416,73367.23339
119091-67334,604,145281.3406,0,1,0,1,0,0,0,0,3596.637557,3596.637557,第一種住居地域,25011.20036,2771.160773,392272.2218,64708.43248
119091-67332,557,113603.0694,0,0,0,0,0,0,1,0,4050.597848,4050.597848,第一種住居地域,6278.791532,819.9289647,578874.0636,64085.10458
140091-00000,1665,280546.759,0,0,1,0,1,0,0,0,2712.700471,2712.700471,第一種住居地域,66237.03652,4169.728143,621430.3331,107901.6109
123291-67951,432,244691.4103,0,0,0,0,0,0,0,0,2422.860334,4124.006008,工業地域,24448.13648,5666.734017,489755.6463,74884.28163
123291-67953,298,214677.9589,0,0,0,0,0,0,0,0,1950.21915,4343.753783,工業地域,18399.64071,676.1168347,516837.1703,91246.93764
123291-77051,105,140366.1942,0,0,0,0,0,0,0,0,1547.739261,4642.869084,工業地域,6255.950463,107.6168953,416340.0608,79167.62371
123291-67853,723.88316,253057.0673,0,0,0,0,0,0,1,0,2830.046206,3976.096572,工業地域,40139.50484,2867.709947,583329.984,76517.23365
200003-00000,642,146125.9254,0,0,1,0,1,0,0,0,333.6928163,6384.285236,第二種中高層住居専用地域,31989.73866,1245.166428,474531.8491,101384.3795
200001-00000,605,112443.0423,0,0,0,0,0,0,0,0,539.4300687,6038.556467,第二種中高層住居専用地域,24369.49424,149.8373955,454246.3774,97281.43264
109004-00000,711,129124.0658,0,0,0,0,0,0,0,0,970.5847725,4689.187005,第二種中高層住居専用地域,30209.20357,730.2228642,403286.1152,117451.4273
109001-00000,909,88725.97959,0,0,0,0,0,0,0,0,651.079757,4708.965144,第二種中高層住居専用地域,31887.34811,601.3690233,496356.3481,133497.0511
109002-00000,644,94394.77689,0,0,1,0,1,0,0,0,789.9122771,4940.124331,第二種中高層住居専用地域,27064.38203,3888.129508,454331.5583,120877.3989
109003-00000,842,127619.2143,0,0,1,0,1,0,0,0,778.5396451,4331.944965,第二種中高層住居専用地域,32136.81303,1374.205949,488682.3469,137798.5524
109005-00000,578,68456.29429,0,0,0,0,0,0,0,0,1197.623554,5024.958533,第二種中高層住居専用地域,20895.73026,791.0496511,327700.6403,120590.1377
114001-00000,725,97135.38444,0,0,2,0,2,0,0,0,535.943102,4916.254488,第二種中高層住居専用地域,30802.59883,5699.447456,487174.3475,129333.839
115002-00000,982,139906.5001,0,0,0,0,0,0,0,0,1216.784049,5429.166706,第二種中高層住居専用地域,46003.41561,2604.281741,433318.9965,111105.806
115001-00000,489,81164.8208,0,0,1,0,1,0,0,0,975.1776254,5152.90092,第二種中高層住居専用地域,22674.44432,1147.240395,452868.3801,113169.8856
115004-00000,560,71895.03394,0,0,0,0,0,0,0,0,886.5556528,5759.168422,第二種中高層住居専用地域,25928.76237,562.9693181,482714.3964,110749.6983
115005-00000,658,142884.571,0,0,1,0,1,1,0,0,988.6451801,5852.076362,第二種中高層住居専用地域,22888.85358,1674.986616,410131.242,112173.3285
111000-00000,856,101010.6422,0,0,0,0,0,0,0,0,485.1946213,4441.561104,第二種中高層住居専用地域,41683.87316,1272.240277,523269.4841,142510.2966
107003-00000,576,86254.03437,0,0,1,0,1,0,0,0,1193.004255,5784.987907,第二種中高層住居専用地域,27087.74163,1667.043734,390148.427,117213.8163
107002-00000,1096,153047.8925,0,0,0,0,0,0,0,0,1489.976145,5583.72502,第二種中高層住居専用地域,44366.82733,1824.746111,250347.7456,115146.6125
107001-00000,1348,170351.5918,0,0,1,0,1,0,0,0,1412.751886,5276.124659,第二種中高層住居専用地域,55091.13831,1359.810704,316933.7381,111800.2774
043002-00000,718,55851.68312,0,1,0,1,0,0,0,0,930.333009,1075.317445,近隣商業地域,25721.13444,832.1147391,1078702.23,679630.9357
002002-00000,438,69744.14678,0,0,0,0,0,0,0,0,815.4182375,1415.045311,近隣商業地域,19309.09803,3335.840081,1012864.853,624372.3492
006001-00000,270,62907.13318,0,0,0,0,0,0,0,0,504.1961485,1672.646299,近隣商業地域,16802.92762,1189.309354,963464.4722,515516.8325
006002-00000,467,81240.72548,0,0,2,0,1,0,0,0,749.7629307,1711.565003,近隣商業地域,22516.00804,1631.699724,930689.6855,543510.4955
043001-00000,173,61702.39824,0,0,0,0,0,0,1,0,846.2150222,908.9973533,近隣商業地域,7262.936336,0,1108527.442,674053.5875
061002-00000,22,20403.1708,0,0,1,0,0,0,0,0,443.641497,1258.908183,商業地域,512.390196,0,1186568.726,702986.2288
061003-00000,96,22550.24929,0,0,1,0,0,0,0,0,632.1294234,1027.526503,商業地域,892.5548345,3359.307367,1170633.219,701132.3574
044000-00000,320,56865.96261,0,0,1,0,1,0,0,0,387.2790288,1872.925539,商業地域,8221.645608,8305.312383,1131335.026,639500.1908
076000-00000,154,100792.5372,0,0,1,0,1,0,0,0,531.4134572,1523.289858,商業地域,5481.634137,1133.159631,1109050.783,687978.1192
014000-00000,285,40753.64668,0,0,3,0,1,0,0,0,224.5241405,1475.79507,商業地域,14018.25359,811.646025,1117290.535,664579.3328
078000-00000,80,19687.57975,0,0,0,0,0,0,0,0,407.1876325,1232.239111,商業地域,7477.140433,2224.321859,1151840.075,686946.6893
003000-00000,19,27050.31887,0,0,1,0,0,0,0,0,312.3689751,1514.022449,商業地域,26.52798578,0,1171059.428,682699.0095
016003-00000,144,26704.10107,0,0,1,0,1,0,0,0,421.1660791,421.1660791,商業地域,3786.626228,4704.966791,1296778.656,675098.93
016001-00000,60,38042.82668,0,1,2,1,1,0,0,0,682.4951347,682.4951347,商業地域,3027.595467,1588.64462,1273297.053,683655.495
016002-00000,92,36926.4323,0,0,2,0,1,0,0,0,700.3864292,700.3864292,商業地域,2382.163708,1900.733751,1291058.573,690351.3423
016004-00000,62,30345.09604,0,0,3,0,3,0,0,0,362.6943744,362.6943744,商業地域,1502.529875,720.2256042,1288415.872,676828.6284
061004-00000,29,14060.77025,0,0,0,0,0,0,0,0,686.0547418,1017.894703,商業地域,585.3583511,330.5237313,1172171.786,712125.8685
200005-00000,802,132984.3563,0,0,1,0,0,0,0,0,249.1155852,6651.555213,第一種住居地域,38423.34586,2754.218789,473983.1408,101565.4128
200006-00000,464,84744.12555,0,0,1,0,1,0,0,0,929.774189,6735.583803,第一種住居地域,21350.07585,661.4323193,339109.8219,104898.5447
200007-00000,134,54517.78462,0,0,0,0,0,0,0,0,1302.669189,6757.849737,第一種住居地域,6364.449239,228.4333432,232853.4308,100273.6711
093001-00000,465,75467.40571,0,0,0,0,0,0,0,0,398.0710448,3228.143489,第一種住居地域,19857.22266,1975.787864,623551.892,310005.8288
093002-00000,434,70840.70139,0,0,0,0,0,0,0,0,511.684911,3413.645851,第一種住居地域,30904.23649,836.4937357,584710.8518,276078.9927
064002-00000,489,79920.40337,0,0,1,0,0,0,0,0,872.4936347,2095.268179,第一種住居地域,23933.20183,1837.516457,880011.107,505828.7787
114002-00000,964,115172.5498,0,0,1,0,0,0,0,0,486.4718958,5004.049743,第一種住居地域,39220.99447,3858.012253,477793.1302,122646.5691
114003-00000,604,87447.41941,0,0,0,0,0,0,0,0,483.7095578,5065.523902,第一種住居地域,23049.34617,1273.819889,539627.3013,156150.386
118002-00000,915,122617.8608,0,0,1,0,0,0,0,0,201.7569331,4417.456365,第一種住居地域,36988.28438,2942.542787,528668.3258,140232.2821
118001-00000,617,142712.9461,0,0,0,0,0,1,0,0,568.6644431,4028.113415,第一種住居地域,29063.67744,1766.867077,547632.3888,171685.6091
118003-00000,761,119893.3094,0,0,0,0,0,0,0,0,369.1750301,3975.527863,第一種住居地域,32942.50284,1132.808306,472326.6593,168614.9732
113000-00000,936,107234.1389,0,0,2,0,2,0,0,0,571.5018796,5154.880466,第一種住居地域,35892.4099,2347.126182,532589.2595,160227.1383
116000-00000,545,61350.31951,0,0,0,0,0,0,0,0,214.624532,4626.071156,第一種住居地域,23160.4778,4489.683644,528668.3258,137035.694
095002-00000,581,173731.0575,0,0,0,0,0,0,1,0,1032.938907,3232.604484,第一種住居地域,25304.25803,2531.648879,628355.6138,307908.7937
022000-00000,689,94968.00368,0,0,1,0,1,0,0,0,439.2082294,2770.089044,第一種住居地域,29694.4214,2776.599937,742631.2822,335282.4213
095004-00000,1628,277776.6125,0,2,0,2,0,0,0,0,878.2784527,3678.640737,第一種住居地域,62055.21225,861.0288873,505736.6283,156176.1009
112000-00000,865,114121.0069,0,0,0,0,0,0,0,0,942.289568,5516.458808,第一種住居地域,39603.45262,1562.855665,451783.6654,124869.3238
074003-00000,465,72887.62758,0,0,0,0,0,0,0,0,535.0078368,2457.164853,第一種住居地域,18738.70514,432.1603154,779575.2549,428693.4946
095003-00000,758,136317.1614,0,0,0,0,0,0,0,0,969.126341,3565.277057,第一種住居地域,36504.37067,3156.478107,578061.9293,186640.6872
110000-00000,952,147647.8718,0,0,1,0,0,0,0,0,411.7007274,4308.255168,第一種住居地域,42031.04052,2708.327356,552430.0588,184055.4246
064003-00000,508,58652.89071,0,0,0,0,0,0,0,0,746.3143422,2165.694738,第一種住居地域,19638.18829,616.2686164,849722.0298,473347.0881
208002-00000,315,51451.75302,0,0,0,0,0,0,0,0,1480.142649,6626.537867,第一種住居地域,12298.71682,735.7041033,325073.0472,105615.0312
115003-00000,2344,270331.7517,0,0,0,0,0,1,0,0,1056.825863,5510.804085,第一種住居地域,92596.80852,8689.667378,413883.1723,111966.3695
196002-00000,228,50574.05382,0,0,0,0,0,0,0,0,677.0377167,3491.61815,第一種住居地域,10500.72391,706.344289,655712.3074,283980.1959
196003-00000,316,141300.2521,0,0,0,0,0,0,0,0,503.0417506,3727.731083,第一種住居地域,17194.21953,422.7105671,572491.3906,211198.9046
108000-00000,913,213602.8761,0,0,0,0,0,0,0,0,778.8057573,4000.829381,第一種住居地域,39529.3018,7305.433982,551277.9351,148984.9979
196001-00000,402,68001.53632,0,0,0,0,0,0,0,0,646.2035744,3273.698724,第一種住居地域,15226.02424,3369.843549,625487.5985,345353.0679
059000-00000,572,90755.40012,0,0,2,0,1,0,0,0,664.8330043,2653.846434,第一種住居地域,26382.07187,2825.34485,751918.0401,384906.8777
087001-00000,531,63417.29195,0,0,0,0,0,0,0,0,336.0204129,2701.338021,第一種住居地域,23351.64395,842.0699126,648848.5063,344180.3404
107004-00000,779,246210.4133,0,0,2,0,2,0,0,0,1535.904344,5985.861606,第一種住居地域,112285.626,857.9226818,225536.1135,105843.4713
087005-00000,308,78230.70655,0,0,0,0,0,0,0,0,488.6697272,3384.085311,第一種住居地域,14357.18665,382.3045421,550277.7444,262598.9553
036001-00000,160,49342.80708,0,0,0,0,0,0,0,0,707.6648658,2368.816669,第一種住居地域,7711.243727,448.852278,677722.7825,385166.785
087003-00000,575,70976.23627,0,0,0,0,0,0,0,0,482.8837223,2777.195416,第一種住居地域,23960.29144,179.0255004,651553.1225,348000.0272
087004-00000,672,101576.9809,0,0,0,0,0,1,0,0,282.808249,3035.770725,第一種住居地域,30642.51067,610.6524122,547094.7641,299715.7675
136000-00000,3594,998101.0318,0,0,1,0,1,0,0,2,1394.618858,3896.081527,第一種住居地域,164977.5291,9002.77168,503692.702,138298.8416
070002-00000,534,71055.04508,0,0,0,0,0,0,0,0,126.7057917,3020.179469,第一種住居地域,23860.37752,485.4160789,574058.642,323224.8209
070001-00000,289,57606.88033,0,0,0,0,0,0,0,0,387.6075844,2525.547244,第一種住居地域,14063.35097,903.4812525,704021.8938,391424.7002
201001-00000,652,201536.5663,0,0,1,0,1,0,0,0,467.9057301,6278.008074,第一種住居地域,37224.88943,711.6577098,543670.1248,112028.2628
201002-00000,694,179083.7205,0,0,0,0,0,0,0,0,243.9524576,6614.587102,第一種住居地域,29188.95105,1354.752152,590480.3467,114273.1899
001000-00000,276,151279.521,1,0,0,0,0,0,0,0,602.6186074,3035.601218,第一種住居地域,13720.63917,1285.249125,750199.4427,349348.2143
200004-00000,0,507870.8142,0,0,0,0,0,0,0,0,973.3684363,6392.216835,第一種住居地域,797.1143897,0,224877.1281,76142.89301
200002-00000,82,184602.2679,0,0,0,0,0,0,0,0,632.5406685,6062.754537,第一種住居地域,3967.181112,66.70859602,456347.5806,98464.65706
052002-00000,614,100855.281,0,0,0,0,0,0,0,0,327.1430485,1910.262097,近隣商業地域,30998.71363,2622.16493,1055515.886,571621.7654
052001-00000,612,81081.17127,0,1,4,0,3,1,0,0,299.9672163,1877.113932,近隣商業地域,20323.62196,14201.36657,1107584.621,576463.5184
039001-00000,423,59930.84706,0,0,1,0,1,0,0,0,651.4963365,2236.041033,近隣商業地域,20853.51344,2485.364419,1022351.132,508111.9882
030003-00000,368,79982.16524,0,0,1,0,1,1,0,0,1200.087574,2727.449052,近隣商業地域,19742.66438,821.6995168,888117.3952,481611.3159
030001-00000,541,49896.0854,0,0,1,0,1,0,0,0,964.6033206,2506.281279,近隣商業地域,19179.79453,3390.425286,962854.3208,477113.2641
052003-00000,403,79350.84449,0,1,2,1,2,0,0,1,468.0916681,1949.281748,第一種住居地域,23801.91829,2552.672489,1038113.858,516531.8921
040000-00000,529,95326.79274,0,0,1,0,1,0,0,0,1028.41503,2911.30997,第一種住居地域,25340.86301,1846.384786,820720.7843,388654.3394
039002-00000,759,92933.96015,0,0,2,0,2,0,0,0,674.9658434,2270.961894,第一種住居地域,35327.13618,4153.705895,965569.2715,480573.4223
097000-00000,538,74213.22863,0,0,0,0,0,0,0,0,1082.89199,2636.409988,第一種住居地域,23461.10284,3031.228929,772859.9524,424625.9518
027000-00000,599,72741.34183,0,0,0,0,0,0,0,0,1318.27455,2886.036153,第一種住居地域,25301.94648,354.2559383,703700.587,407466.1772
055002-00000,350,63320.51024,0,0,1,0,1,0,0,0,1197.158906,2780.433396,第一種住居地域,15623.81082,1505.042626,774168.6055,468853.8324
055001-00000,355,47902.56317,0,0,0,0,0,0,0,0,955.9711453,2541.864083,第一種住居地域,17911.31186,1492.464132,928631.5022,476541.555
057001-00000,420,74178.87571,0,0,0,0,0,0,0,0,754.0225021,2308.662833,第一種住居地域,20385.96788,2243.44304,913172.3727,476749.8107
057002-00000,269,66582.44287,0,0,0,0,0,1,0,0,813.6091492,2279.533728,第一種住居地域,14711.31306,528.2923534,822307.9298,430741.5728
057003-00000,295,51792.1636,0,0,0,0,0,0,0,0,909.1986028,2317.055175,第一種住居地域,13500.94896,607.7500266,813482.5294,421654.8732
024000-00000,568,136430.2592,0,0,1,0,1,0,1,0,961.9544682,2591.096688,第一種住居地域,38435.8876,2057.09444,759759.8231,414761.1383
037000-00000,716,99985.06587,0,0,1,0,1,0,0,0,1244.633457,2842.028028,第一種住居地域,33870.26058,1885.333058,678826.9781,427027.2555
006004-00000,405,70223.7286,0,0,2,0,1,0,0,0,786.1465172,2023.458911,第一種住居地域,20450.71573,1278.966266,896278.1154,515422.4622
081000-00000,386,91353.40292,0,0,0,0,0,0,0,0,977.2856449,2574.184461,第一種住居地域,20428.49114,656.4510201,802454.3339,462411.6774
006003-00000,373,68863.00563,0,0,0,0,0,0,0,0,607.4759389,1958.886166,第一種住居地域,18929.03851,1583.967272,962223.689,501918.1629
011000-00000,953,216982.9686,0,0,0,0,0,0,0,0,2028.635923,2028.635923,第一種住居地域,46273.80005,2838.491433,824123.4598,442617.2784
226000-00000,1733,292179.991,0,0,0,0,0,1,0,0,1520.848681,8854.431751,第一種中高層住居専用地域,70236.336,3537.90245,140500.4008,73417.47638
216002-00000,1207,184541.2451,0,0,0,0,0,0,0,0,751.8176362,6980.001149,第一種中高層住居専用地域,55064.03963,2627.491085,538781.3501,102651.3943
231002-00000,1499,195389.5802,0,0,1,0,1,0,0,0,1194.071796,7144.232337,第一種中高層住居専用地域,53412.3038,1927.35176,167657.8464,109243.0696
231001-00000,2083,325457.8884,0,0,1,0,0,0,0,0,1150.527527,6824.293966,第一種中高層住居専用地域,83108.02302,2377.551875,338897.5677,110674.4091
231003-00000,1191,216817.3895,0,0,1,0,0,0,1,0,1554.347021,7028.016303,第一種中高層住居専用地域,49751.17521,1828.142907,185923.8097,103945.2004
223000-00000,1883,203866.9417,0,0,0,0,0,0,0,0,2166.63119,9491.642822,第一種中高層住居専用地域,49641.78112,1576.553573,114973.1473,62575.79532
217000-00000,653,109359.1346,0,0,0,0,0,0,0,0,1046.037855,8424.457388,第一種中高層住居専用地域,29399.14613,4319.755973,375141.4836,80691.247
210001-00000,431,65511.10438,0,0,0,0,0,0,0,0,1685.999695,8466.552847,第一種中高層住居専用地域,18914.98072,1514.607311,125687.4843,82532.33585
210002-00000,709,97342.68135,0,0,1,0,1,0,0,0,1578.914682,8717.977174,第一種中高層住居専用地域,28975.31387,605.8259533,146966.1701,77255.3551
210003-00000,907,112697.1044,0,0,0,0,0,0,0,0,1898.948766,9096.148884,第一種中高層住居専用地域,35194.77609,839.2579732,132107.6391,68346.86096
209002-00000,1622,233963.9496,0,0,1,0,1,1,0,0,1033.091689,7673.369475,第一種中高層住居専用地域,69300.42037,1749.786653,351141.2852,88820.36688
032000-00000,14,6474.330254,0,0,0,0,0,0,0,0,1148.968439,1795.333014,第一種住居地域,1448.126584,86.06570063,875268.6383,507387.2243
137000-00000,2398,2744922.649,0,0,1,0,1,1,0,0,2289.893257,4951.805713,第一種住居地域,88646.24394,3585.578188,552042.9036,77319.65158
064001-00000,345,85555.6215,0,0,0,0,0,0,0,0,1031.707075,1882.318868,第一種住居地域,16293.32296,1499.163819,884048.8342,498671.3612
144001-00000,740,149200.2244,0,0,1,0,1,0,0,0,2244.507971,4968.778244,第一種住居地域,29887.98236,1593.734343,582327.3106,122795.1469
148000-00000,549,204421.6037,0,0,1,0,1,0,0,0,1983.762637,5543.533583,第一種住居地域,27198.99028,1311.874611,579962.2401,97481.49252
141001-00000,339,44210.72577,0,0,0,0,0,0,0,0,2362.447007,4800.804828,第一種住居地域,12904.68975,587.8954627,529791.7412,91123.66419
141002-00000,563,89642.8968,0,0,0,0,0,0,0,0,2339.043522,5148.912909,第一種住居地域,20513.72997,1169.776873,473775.9174,53086.95054
141003-00000,678,119427.6574,0,0,0,0,0,0,0,0,1897.950638,5579.252767,第一種住居地域,25581.51086,448.3012137,471465.1205,57640.28185
232001-00000,290,81423.40411,0,0,0,0,0,0,0,0,1150.618655,1517.938004,第一種住居地域,12213.14567,1291.07773,908910.6896,552073.0183
228001-00000,715,111575.4938,0,0,1,0,1,0,0,0,1501.417612,6022.660014,第一種住居地域,27458.0045,443.0728327,488584.2502,92803.55475
063000-00000,351,45893.81417,0,1,0,0,0,0,0,0,998.9451682,1891.383709,第一種住居地域,9190.196659,776.1730006,930216.3629,534508.7728
101000-00000,1767,330581.282,0,0,2,0,2,0,0,0,2615.568548,3423.008595,第一種低層住居専用地域,77708.41059,3065.720598,527795.6234,256823.1582
062000-00000,532,134654.5622,0,0,0,0,0,0,0,1,2122.702004,2267.066243,第一種低層住居専用地域,28312.40119,1112.729126,649528.2305,317895.325
239003-00000,922,153981.3957,0,0,0,0,0,0,0,0,3159.982726,3176.105942,第一種低層住居専用地域,49276.68583,1419.987335,477734.683,138782.2895
239001-00000,972,161668.9852,0,0,0,0,0,0,0,0,2938.68228,3173.559776,第一種低層住居専用地域,44650.70009,665.8222531,463310.5131,125094.3758
239002-00000,1079,134922.1477,0,0,0,0,0,0,0,0,2847.21296,2900.968341,第一種低層住居専用地域,52819.08926,1725.185777,527091.4294,188109.8256
239004-00000,1481,202248.6269,0,0,0,0,0,0,0,1,3482.235878,3510.848374,第一種低層住居専用地域,69313.16854,3029.966888,397973.394,81215.96787
045000-00000,1572,543978.7879,0,0,3,0,2,0,0,0,1978.528643,2663.035402,第一種低層住居専用地域,70334.94829,2126.879265,622280.4202,327152.3684
238001-00000,791,239220.5188,0,0,0,0,0,0,0,0,2603.988767,2603.988767,第一種低層住居専用地域,37784.56915,2869.702065,682320.9621,242868.8156
238002-00000,1328,182302.0834,0,0,0,0,0,0,0,0,2514.862016,2840.706919,第一種低層住居専用地域,57538.73751,1228.57933,503608.7984,177035.2591
238003-00000,308,69676.05311,0,0,1,0,1,0,0,0,2878.06162,3323.07747,第一種低層住居専用地域,15609.7119,804.7905326,449483.5218,113882.6106
048000-00000,1271,303555.2296,0,0,0,0,0,0,0,1,2520.976433,3099.274666,第一種低層住居専用地域,68514.14519,1719.555525,663583.5172,150030.0768
166000-00000,0,120659.0024,0,0,0,0,0,0,0,0,2198.416986,2540.653581,第一種低層住居専用地域,502.6382023,0,545297.2999,297314.3087
276003-00000,1272,206871.9448,1,0,1,0,1,0,0,0,1364.152748,1364.152748,第二種中高層住居専用地域,48446.92178,5452.820246,750714.3299,464976.3082
276004-00000,1023,152137.294,0,0,0,0,0,0,0,0,1491.75374,1491.75374,第二種中高層住居専用地域,44688.10907,1927.472182,720319.0099,457434.6889
276005-00000,1215,152760.6067,0,0,1,0,1,0,0,0,1805.68489,1805.68489,第二種中高層住居専用地域,46401.69414,3539.447834,780965.0444,426017.8546
091003-00000,967,137932.7427,0,0,0,0,0,0,0,0,922.3623169,922.3623169,第二種中高層住居専用地域,31636.30767,15031.8185,799407.7217,595054.7021
091007-00000,1468,177436.879,0,0,2,0,1,0,0,0,1560.146448,1560.146448,第二種中高層住居専用地域,52830.97055,4899.4346,722979.3545,490977.3883
227000-00000,795,131702.1218,0,1,1,1,1,0,0,0,1308.457606,8754.7707,第一種住居地域,34928.3543,11519.76553,368069.881,77822.85269
216004-00000,1860,267792.9897,0,0,2,0,1,0,0,0,671.6347897,7649.428757,第一種住居地域,80566.3563,3086.959406,571369.6696,94309.64495
216006-00000,1219,206900.4706,0,0,1,0,0,0,0,0,828.9777841,8125.301885,第一種住居地域,53856.7805,2107.064488,370868.1588,91990.1846
276001-00000,974,156124.9618,0,0,0,0,0,0,0,0,1453.167659,1453.167659,準工業地域,37054.1527,1027.86247,763853.8509,477802.3529
092101-00000,845,174474.6761,0,0,0,0,0,0,0,1,1018.735141,1018.735141,準工業地域,38279.62385,1373.381118,1005672.329,639929.0809
009091-00000,4453,689807.7393,0,0,4,0,2,0,1,0,1534.752749,1534.752749,準工業地域,168607.8479,30190.44534,798560.1972,488976.9628
020000-00000,0,161664.4681,0,0,0,0,0,0,0,0,124.245881,124.245881,準工業地域,249.8846981,684.8013637,1268787.293,674852.5535
083003-00000,195,34164.4157,0,0,0,0,0,0,0,0,603.7231188,603.7231188,準工業地域,8763.177137,1292.339486,1169544.608,686446.095
276002-00000,871,83537.70381,0,0,0,0,0,0,0,0,1068.163839,1068.163839,第一種住居地域,26711.98398,9519.952238,847396.8764,563099.1654
091002-00000,2056,179722.8273,0,0,1,0,1,0,0,0,718.728952,718.728952,第一種住居地域,84649.80877,9436.214701,930682.714,628915.5115
240005-00000,1912,298441.7456,0,0,1,0,1,0,0,0,7108.523188,8887.320549,第一種中高層住居専用地域,83527.27061,3629.196679,371996.1085,120739.4741
240006-00000,1592,242513.1779,0,0,1,0,1,0,0,1,8213.093669,9520.332341,第一種中高層住居専用地域,65663.61255,3188.48751,370425.5732,114808.3362
240003-00000,1165,176775.0118,0,0,0,0,0,0,0,0,6049.943627,8355.231041,第一種中高層住居専用地域,50885.93996,2662.621196,421662.9188,127185.2982
240004-00000,1624,243650.3321,0,0,0,0,0,0,0,0,6455.870067,8572.278004,第一種中高層住居専用地域,75789.75447,2863.394378,372915.16,126923.8986
240002-00000,1144,175498.8334,0,0,1,0,0,0,0,0,5767.334396,8271.058217,第一種中高層住居専用地域,49762.61588,2671.849851,397180.7093,123996.8107
146091-00000,7971,1198429.53,0,0,6,0,3,0,0,0,2145.716894,2145.716894,第一種中高層住居専用地域,324261.3858,17601.16624,512208.9165,298953.1755
146092-00000,2011,254056.2162,0,0,2,0,0,0,0,0,2127.553126,2127.553126,第一種住居地域,84581.45202,1917.783122,695402.3718,296380.0782
084091-00000,1697,229957.0115,0,0,0,0,0,0,0,0,2123.978351,2123.978351,第一種住居地域,73057.14521,2181.791571,871709.1461,365831.2401
084092-00000,146,268673.3664,0,0,1,0,1,0,0,0,1786.649027,1786.649027,第一種住居地域,5789.172546,0,836664.6679,409774.8923
072000-00000,918,132792.7965,0,0,0,0,0,0,0,0,1521.860638,1521.860638,第一種住居地域,37866.28907,816.2281597,937075.9076,506656.7535
056000-00000,2061,570439.0528,0,0,2,0,2,0,0,1,1068.866035,2662.686664,準工業地域,93119.93617,3421.300759,729769.155,506766.7218
074001-00000,51,53741.58841,0,0,1,0,1,0,0,0,710.535581,2221.543461,準工業地域,2263.620897,2912.272173,913754.947,489126.8788
074005-00000,110,55974.93828,0,0,0,0,0,0,0,0,692.2889711,2519.476464,準工業地域,4559.245993,200.8448846,749970.5615,397479.9353
074004-00000,238,44873.18705,0,0,0,0,0,0,0,0,825.9597447,2373.269348,準工業地域,7456.202066,166.8501895,744899.34,442654.1762
186292-00000,96,15142.73679,0,0,0,0,0,0,0,0,4387.339644,5733.538807,第一種中高層住居専用地域,4216.061363,66.98107119,479256.965,100158.0201
100002-00000,5845,1087724.647,0,0,2,0,2,1,0,0,4822.932967,6005.901524,第一種中高層住居専用地域,234551.1742,5680.387044,407109.3875,66462.45077
038000-00000,262,40097.36595,0,0,0,0,0,0,0,0,695.5433401,695.5433401,商業地域,12430.84386,1532.247101,1124598.075,683121.8048
061001-00000,322,44425.73477,0,0,1,0,1,0,0,0,585.6277124,1239.244587,商業地域,283.6106201,962.7212413,1148415.357,655350.3155
085000-00000,101,26585.83147,0,0,0,0,0,0,0,0,735.5340676,1035.99251,商業地域,3420.461818,163.776964,1161496.91,692944.0591
049000-00000,201,34286.22756,0,0,1,0,0,0,0,0,778.351849,778.351849,商業地域,9155.339269,3205.587642,1157254.149,680511.7068
029000-00000,283,31949.74499,0,0,1,0,1,0,0,0,871.6562458,871.6562458,商業地域,7098.626002,5680.025279,1126370.77,703255.3605
060001-00000,31,109104.2615,0,0,1,0,1,0,0,0,841.8670319,1430.596405,商業地域,1033.863715,108.5220089,1047822.594,682838.683
060002-00000,299,28375.7261,0,0,0,0,0,0,0,0,718.6577152,1263.175124,商業地域,8375.277381,4543.377867,1093786,684938.3902
060003-00000,274,31869.2682,0,1,1,1,1,0,0,0,853.3807157,1048.731742,商業地域,6513.651276,4079.771449,1100949.21,685486.2734
016005-00000,154,38139.20741,0,0,0,0,0,0,0,0,535.6560686,535.6560686,商業地域,5024.479541,1741.187909,1231661.415,668839.6317
243001-00000,763,115004.1028,0,0,1,0,1,0,0,0,4204.995638,5701.224106,第一種低層住居専用地域,36198.27337,1242.259666,509560.1275,51362.26214
243002-00000,906,139699.7177,0,0,0,0,0,0,0,0,4128.053084,5600.111374,第一種低層住居専用地域,44465.75091,1118.645945,287039.2424,62648.62768
186291-00000,10799,4447184.333,0,1,7,1,7,2,0,2,4821.243507,6126.115887,第一種住居地域,414090.6024,14531.30696,285131.7945,54044.98291
042002-00000,166,30223.83314,0,0,0,0,0,0,0,0,317.2112873,1393.041707,商業地域,4465.760416,4579.006526,1124966.406,625508.9499
042003-00000,424,50987.85469,0,0,1,0,0,0,0,0,525.0297362,1158.856293,商業地域,15006.9814,2274.756485,1144113.088,679901.8695
042001-00000,146,45167.42723,0,0,3,0,2,0,0,0,214.8859457,1385.3255,商業地域,3920.42725,2784.315292,1124628.066,638194.0709
058000-00000,113,22708.07892,0,0,0,0,0,0,0,0,748.0059076,852.3524717,商業地域,4159.289275,2353.010234,1146466.572,687965.7784
042005-00000,350,36334.64794,0,0,0,0,0,0,0,0,542.809179,1066.012674,商業地域,11200.30302,3453.810671,1146626.534,688664.9691
086000-00000,29,42312.82311,0,0,1,0,1,0,0,0,64.2037963,1586.745976,商業地域,12613.84547,52541.2052,1109904.483,634068.2152
077000-00000,691,91896.82244,0,0,0,0,0,0,0,0,671.9969902,1215.135749,商業地域,22371.81358,8555.981971,1116814.193,669292.3232
041000-00000,92,33869.4328,0,0,0,0,0,1,0,0,381.2713774,1217.404701,商業地域,2616.079494,2750.104981,1148245.842,676799.9077
031000-00000,384,32383.4897,0,0,0,0,0,0,0,0,681.1906501,681.1906501,商業地域,14665.13145,1229.375733,1246527.939,658326.1343
051000-00000,548,31121.61033,0,0,0,0,0,0,0,0,787.396524,850.9299494,商業地域,18937.69075,5847.353457,1134210.004,688445.4857
002001-00000,473,60352.2232,0,0,1,0,1,0,0,0,502.225899,1444.392827,商業地域,16836.82993,976.2771603,1067436.987,599534.8888
080001-00000,78,25001.94427,0,0,0,0,0,0,0,1,93.7500057,1591.129665,商業地域,1233.50482,2278.540825,1106767.883,589522.1096
080002-00000,454,53790.1486,0,0,2,0,2,0,0,0,261.9369325,1614.851906,商業地域,21268.47246,4009.443668,1083752.512,566454.6748
073000-00000,168,38571.47068,0,0,0,0,0,0,0,0,594.5981066,1010.756578,商業地域,4606.830677,1439.198814,1149575.81,668817.8814
008000-00000,474,35160.83625,0,1,4,1,4,0,0,0,738.1141816,738.1141816,商業地域,6443.889601,8120.989303,1180652.542,679610.6645
203001-00000,2151,292120.8918,0,0,0,0,0,0,0,0,694.4371396,7195.171289,第一種中高層住居専用地域,94436.45256,2466.460991,342197.5688,80807.88122
203002-00000,1058,239966.8986,0,0,0,0,0,0,0,0,829.4577541,7042.120966,第一種中高層住居専用地域,53194.71414,2693.051869,293633.8858,83415.56365
236003-00000,1257,181369.2687,0,0,2,0,1,0,0,0,2248.736032,2248.736032,第二種中高層住居専用地域,45424.14079,2585.350584,764671.5912,400466.687
235001-00000,1033,241605.4002,0,0,2,0,2,0,0,0,1290.380553,1290.380553,第二種中高層住居専用地域,47122.54908,2450.8801,887429.9875,528515.0958
235002-00000,1463,200098.2624,0,0,0,0,0,0,0,0,1693.484421,1693.484421,第二種中高層住居専用地域,57230.93417,5189.626807,715255.7102,400143.5078
235004-00000,1244,153245.9101,0,0,1,0,0,0,0,0,2104.197101,2104.197101,第二種中高層住居専用地域,50677.81125,3690.174254,870342.4002,379411.5897
235003-00000,1761,224405.2711,0,0,1,0,1,1,0,0,1809.795927,1809.795927,第二種中高層住居専用地域,73289.76583,3143.788122,879648.4137,419231.5964
236002-00000,826,165943.6432,0,0,1,0,1,1,0,0,2550.310163,2550.310163,第一種住居地域,28545.30478,4192.880114,784284.4862,283786.225
236001-00000,964,141946.3012,0,0,0,0,0,0,0,1,2585.456525,2585.456525,第一種住居地域,44811.06159,7063.933503,859274.5278,306316.054
236007-00000,571,253504.3016,0,0,1,0,1,0,0,0,3034.713772,3034.713772,第一種住居地域,26748.5434,1854.702015,799229.4442,212684.131
216001-00000,1061,216756.1241,0,0,0,0,0,0,0,0,255.0613264,7319.839022,第一種住居地域,47790.47285,1048.681059,623758.325,92265.48167
228004-00000,679,122908.1444,0,0,0,0,0,0,0,0,697.3410919,6831.636566,第一種住居地域,29738.17883,851.0831637,475798.5319,98764.78815
228003-00000,956,154233.4935,0,0,0,0,0,0,0,0,1101.667089,6420.412035,第一種住居地域,37331.66304,1487.251335,500391.3815,110499.0153
015001-00000,413,66605.61922,0,0,0,0,0,0,0,0,1355.830393,1398.202932,近隣商業地域,16864.13178,4856.269734,940951.6877,622641.2104
060004-00000,492,70192.93057,0,0,0,0,0,0,0,0,1050.541612,1153.010144,近隣商業地域,19316.97833,5111.020582,1068617.989,667682.4153
165000-00000,9107,1139109.863,0,1,3,1,1,1,0,0,2012.214604,4100.373028,第二種中高層住居専用地域,334598.9993,18963.97264,796836.0099,101714.3793
015002-00000,572,157457.6912,0,0,0,0,0,0,0,0,1716.201822,1794.614597,第一種住居地域,25622.16312,2303.329328,845520.9122,538301.6965
060005-00000,270,141352.802,0,0,0,0,0,0,0,0,1192.330273,1508.564797,第一種住居地域,13388.13719,295.506918,966740.2893,596133.6615
035003-00000,179,27929.2267,0,0,0,0,0,0,0,0,1090.278139,1653.787148,第一種住居地域,6287.449893,1307.805992,937260.5735,605465.6032
068001-00000,72,189156.2072,0,0,1,0,1,0,0,0,1492.233107,1910.215329,第一種住居地域,4439.578763,7902.829729,672113.5896,460242.3589
216005-00000,885,142433.7205,0,0,1,0,1,0,0,0,578.5164866,8040.664716,第一種住居地域,39950.20082,2082.699847,528228.971,90711.08928
216003-00000,255,104880.026,0,0,0,0,0,1,0,0,317.9282413,7674.488045,第一種住居地域,13957.31302,1142.442411,600065.3372,93166.26062
215000-00000,774,517918.1167,1,0,0,0,0,0,0,0,206.4282724,7612.589899,第一種住居地域,31317.00082,309.7547734,627009.5838,76970.94357
230002-00000,423,107039.2447,0,0,0,0,0,0,0,0,2064.784815,9536.718078,第一種住居地域,21312.84893,823.9661805,314774.1612,60262.72214
230003-00000,357,77618.33258,0,0,0,0,0,0,0,0,2531.77382,10001.41674,第一種住居地域,14110.07156,679.8549719,274588.989,50256.65435
213000-00000,342,71750.29403,0,0,2,0,2,0,0,0,901.1068042,8373.266672,第一種住居地域,15625.35807,2455.725487,430688.5612,83323.59985
214002-00000,1139,115640.8884,0,0,1,0,1,0,0,0,1562.559168,9036.616382,第一種住居地域,32637.99734,1238.923763,348052.2639,77000.56673
214001-00000,537,88081.91362,0,0,0,0,0,0,0,1,1170.30095,8644.755091,第一種住居地域,23381.54066,3336.086335,391066.7133,77822.85269
236005-00000,1261,210881.7905,0,0,0,0,0,0,0,0,2937.456212,2937.456212,準工業地域,50884.16275,6769.201778,709503.5907,295357.6861
236008-00000,812,152520.9137,0,0,0,0,0,0,0,0,3285.363401,3285.363401,準工業地域,33162.95099,998.6267814,620734.3812,202172.1977
236006-00000,1520,270595.7927,0,0,2,0,1,0,0,0,2900.484447,2900.484447,工業地域,57570.21952,953.8291985,890007.3135,270568.7995
010001-00000,109,38692.09974,0,0,1,0,0,0,0,0,411.172935,411.172935,商業地域,5082.557531,1121.605144,1253779.605,696496.0771
010002-00000,445,50332.45035,0,0,0,0,0,0,0,0,544.507494,544.507494,商業地域,9470.157205,4106.740138,1136100.422,681984.8253
236004-00000,1062,127175.0199,0,0,2,0,1,0,0,0,2316.396537,2316.396537,第一種住居地域,38751.95896,2962.172404,672624.5937,403521.5676
004001-00000,775,112109.0505,0,0,1,0,0,0,0,0,1566.969435,1566.969435,第一種住居地域,36306.22115,2746.616977,726319.7301,504991.5176
004002-00000,1723,141527.248,0,0,1,0,1,0,0,0,1919.760009,1919.760009,第一種住居地域,63621.78367,3302.659499,810765.0405,438196.1699
004005-00000,247,76444.09879,0,0,0,0,0,0,0,0,1964.157003,1964.157003,第一種住居地域,11916.77717,1545.134993,840717.0999,442709.796
004006-00000,663,94031.41932,0,0,0,0,0,0,0,0,2184.78127,2184.78127,第一種住居地域,26431.94625,1864.988466,738713.6455,393055.3545
004003-00000,537,66375.30194,0,0,0,0,0,0,0,0,1846.661456,1846.661456,第一種住居地域,22347.78153,2560.299054,811348.7614,458401.3745
004004-00000,773,87089.92788,0,0,1,0,0,0,1,0,1890.71679,1890.71679,第一種住居地域,28620.90759,304.8725985,785381.9102,447598.7138
004007-00000,574,89156.67418,0,0,0,0,0,1,0,0,2146.563934,2146.563934,第一種住居地域,25144.09289,700.7206559,829663.0666,361444.1715
065001-00000,395,62198.61931,0,0,0,0,0,0,0,0,1504.172515,1504.172515,第一種住居地域,12108.86162,624.0788141,784138.7843,534353.5736
065002-00000,721,86224.41533,0,0,2,0,1,0,0,0,1879.748582,1879.748582,第一種住居地域,27186.00044,1841.230483,697331.308,433540.6403
089000-00000,3917,478615.3522,0,0,1,0,1,1,0,0,2630.732169,3363.310285,第一種住居地域,155029.4336,6989.881597,669608.8251,187024.0134
123102-00000,586,108567.5389,0,0,0,0,0,0,0,0,2345.995262,2345.995262,第一種住居地域,25392.3837,1086.974945,724747.2298,320278.7837
123101-00000,659,72359.00734,0,0,0,0,0,0,0,0,2170.658886,2170.658886,第一種住居地域,28672.17846,749.8745056,785366.4326,326811.1658
242001-00000,677,96220.91211,0,0,0,0,0,0,0,0,2390.690014,2390.690014,第一種住居地域,29768.34343,1455.390149,847804.1219,305762.8055
242002-00000,871,111142.2844,0,0,0,0,0,0,0,0,2380.691547,2380.691547,第一種住居地域,34246.79812,623.0879354,830606.9487,313699.9219
242003-00000,845,119337.5913,0,0,1,0,1,0,0,0,2532.239601,2532.239601,第一種住居地域,33980.70936,1720.085695,850152.6225,312326.2674
242004-00000,262,46834.76153,0,0,0,0,0,0,0,0,2709.373394,2709.373394,第一種住居地域,10702.99634,856.947852,798627.6209,230444.856
026000-00000,1490,195115.0833,0,0,1,0,1,0,0,1,2765.590482,2765.590482,第一種住居地域,58155.15727,3725.286934,707349.6838,258202.9202
015004-00000,502,70011.70003,0,0,1,0,0,0,0,0,1259.895472,1259.895472,第一種住居地域,23073.13482,2365.07048,980506.2996,626632.7019
015005-00000,368,45486.60293,0,0,0,0,0,0,0,0,1190.358971,1190.358971,第一種住居地域,14962.37491,750.3922463,927207.4844,618361.6672
015003-00000,296,108734.5832,0,0,0,0,0,0,0,0,1600.636396,1600.636396,第一種住居地域,15207.68735,843.3734489,891476.1505,561541.2562
069001-00000,279,58412.92432,0,0,1,0,0,1,0,0,927.4800091,927.4800091,第一種住居地域,13264.01808,7181.677497,1100174.943,677330.6192
069002-00000,395,58099.32809,0,0,1,0,1,0,0,0,1035.297346,1035.297346,第一種住居地域,18624.83827,1166.831355,999683.8187,648519.3098
010005-00000,236,31636.22386,0,0,0,0,0,0,0,0,870.6369006,870.6369006,第二種住居地域,11220.09305,1227.147277,995026.1185,644139.0643
019000-00000,905,189689.6262,0,0,0,0,0,0,0,0,2041.402481,2041.402481,第一種住居地域,36697.35887,6887.704921,892510.0826,516992.9782
259000-00000,872,153917.943,0,0,0,0,0,0,0,0,10794.44453,14071.37594,第一種中高層住居専用地域,35954.30639,365.8814217,4918.213979,2970.535447
279000-00000,136,68348.83464,0,0,0,0,0,0,0,0,116.4406333,116.4406333,商業地域,18681.79129,0,1196681.272,628941.5794
067002-00000,346,66192.91417,0,1,2,1,1,0,0,0,336.5028617,336.5028617,商業地域,5381.975125,4788.715235,1070180.362,641001.4127
047000-00000,380,140282.1243,0,0,0,0,0,1,0,0,1150.812031,1941.586953,第二種住居地域,21035.50117,2976.301091,863683.2769,561040.4762
035002-00000,258,53260.25243,0,0,0,0,0,0,0,0,922.3095197,1855.692311,第二種住居地域,13323.6568,403.6808071,974762.3043,575698.1515
035001-00000,113,66383.68536,0,0,1,0,1,0,0,0,746.4747771,1758.673571,第二種住居地域,5766.185516,729.2779241,1025046.265,637075.0696
091004-00000,1442,124383.5288,0,0,1,0,1,0,0,0,706.5151114,706.5151114,第二種住居地域,41222.60385,17252.70785,864359.5393,627633.2118
091005-00000,322,128633.3118,0,0,0,0,0,0,0,0,1041.730888,1041.730888,第二種住居地域,14873.10997,3173.340303,739102.0389,519974.4207
091006-00000,437,105413.3607,0,0,3,0,2,0,0,0,1348.317579,1348.317579,第二種住居地域,13304.35814,2274.542635,648969.161,524245.0892
091008-00000,40,118863.2471,0,0,1,0,1,0,0,0,1194.490539,1194.490539,第二種住居地域,1389.771534,719.4165246,736990.8062,497874.6971
083001-00000,1022,86660.35567,0,0,1,0,0,0,0,0,528.7859466,528.7859466,商業地域,33244.64738,16580.2374,1226202.67,692296.7575
083004-00000,348,44274.21567,0,0,0,0,0,0,0,0,405.580782,405.580782,商業地域,14702.22225,2035.605521,1245270.881,682086.3437
197092-00000,9929,1968957.473,0,0,8,0,4,1,1,1,1165.729728,3932.476811,第一種住居地域,431214.2263,15292.52583,498446.0483,271878.7738
197093-00000,3543,539578.4427,0,0,1,0,1,0,0,0,531.8448007,4027.745404,第一種住居地域,145602.3102,5505.19224,679731.5364,180019.6821
197091-00000,8124,2496233.522,0,0,6,0,3,0,0,0,2720.002457,4371.492738,第二種中高層住居専用地域,387348.839,14854.1396,488481.5085,161285.566
197103-00000,307,97536.42858,0,0,4,0,3,0,0,0,2684.925283,4371.000292,第二種中高層住居専用地域,13396.43111,622.8486341,488481.5085,179368.3784
186101-00000,596,163483.1666,0,0,0,0,0,0,0,0,2904.364767,4339.144904,第一種低層住居専用地域,32417.69558,683.5501428,500788.0822,255406.5681
241002-00000,529,99879.62425,0,0,0,0,0,0,0,0,2548.952731,3970.173321,第一種低層住居専用地域,23092.02102,3928.922362,670190.4183,285042.2772
186102-00000,684,139068.5608,0,0,1,0,1,0,0,0,3189.470068,4584.130783,第一種住居地域,28949.13754,2107.734369,500788.0822,203413.8531
030005-00000,535,79123.36432,0,0,1,0,1,0,0,1,1438.0713,2948.172299,第一種住居地域,21759.6163,4118.262762,822940.9836,477573.3663
053000-00000,888,191456.1186,0,0,2,0,1,0,0,0,1975.909449,3482.441135,第一種住居地域,44251.04916,3989.206762,669038.4583,374528.6807
082000-00000,388,62623.47647,0,0,1,0,1,0,0,0,1624.536636,3165.623242,第一種住居地域,16767.55799,1687.692932,783445.214,389903.4307
050000-00000,467,83187.84078,0,0,0,0,0,0,0,0,1714.141365,3201.033756,第一種住居地域,26749.17304,935.341976,741161.1918,427678.2974
241001-00000,131,165795.7968,0,0,0,0,0,1,1,1,2274.903224,3750.607479,第一種住居地域,11735.78982,371.8999953,609144.9317,328174.7779
277002-00000,834,143550.8153,0,0,1,0,1,0,0,0,2722.94439,6632.90508,第一種低層住居専用地域,32123.60197,527.4786072,59234.73765,5570.782457
277003-00000,567,98571.99909,0,0,1,0,1,0,0,0,2418.657108,7126.631872,第一種低層住居専用地域,21652.91975,1509.640561,145100.1619,5687.59243
277001-00000,918,128744.5344,0,0,0,0,0,0,0,0,2493.337789,6587.637197,第一種低層住居専用地域,34531.54853,428.2765321,59127.22925,15038.71213
277004-00000,0,463842.8465,0,0,2,0,1,0,0,0,2918.00936,7175.077631,工業地域,6070.075473,972.7399775,28178.10426,4055.983523
096001-00000,326,75072.60109,0,0,0,0,0,0,0,0,281.1558832,2686.560745,近隣商業地域,12966.74135,2640.796718,633116.9783,327774.799
096002-00000,438,74824.62301,0,0,1,0,0,0,0,0,133.6829645,2934.693257,近隣商業地域,16880.72416,4177.322695,668683.4444,323360.4219
277005-00000,50,82621.52798,0,0,1,0,0,0,0,0,2477.475094,7718.975042,第二種住居地域,1619.213721,0,58614.89161,3584.163216
277006-00000,0,291282.9415,0,0,1,0,0,0,0,0,2751.965979,7746.766839,準工業地域,66141.11164,0,27850.99676,3470.257634
021000-00000,263,47363.97506,0,0,0,0,0,0,0,0,982.0032309,1605.091307,商業地域,16886.70578,1674.573718,903797.6157,538686.8389
222001-00000,1383,236724.9242,0,0,0,0,0,1,0,0,2149.566351,8265.977533,工業地域,58333.00829,3043.220762,98655.69768,86734.69333
090000-00000,1127,308849.9639,0,0,0,0,0,0,2,0,1586.716136,3177.417016,第二種住居地域,39188.60899,805.2715957,675031.4349,408864.5468
117001-00000,381,92056.12316,0,1,0,1,0,0,0,0,220.2291846,4581.904856,第二種住居地域,13693.89647,1369.667065,574426.5132,173575.1081
117002-00000,554,73279.18136,0,0,0,0,0,0,0,0,260.4491874,4796.707272,第二種住居地域,22625.93894,2403.269879,585796.9604,171002.5984
100001-00000,2850,611897.5838,0,0,3,0,2,0,0,0,3198.481725,4453.672932,第一種低層住居専用地域,133895.6544,3926.862742,503001.4657,173088.1804
007000-00000,758,110638.1374,0,0,1,0,1,0,0,0,2722.338687,4009.933742,第二種中高層住居専用地域,36225.92137,1904.307455,577988.4837,257964.3399
094000-00000,150,91889.67512,0,0,0,0,0,0,1,0,2428.419622,3793.908827,第二種中高層住居専用地域,4923.024877,811.5001319,618576.9192,331574.0726
023000-00000,796,176419.055,0,0,2,0,1,0,0,0,2091.080057,3451.451233,第二種中高層住居専用地域,44799.48397,3848.176385,654219.7455,363466.6636
106001-00000,604,120950.493,0,0,0,0,0,0,0,0,3094.09617,4059.859118,第二種中高層住居専用地域,23972.99207,241.073647,509099.5161,169705.5793
106004-00000,1327,208016.0222,0,0,1,0,0,0,0,1,3667.711047,4705.31744,第二種中高層住居専用地域,57309.87836,4444.858445,470036.6836,114595.6803
106002-00000,489,194233.4345,0,0,0,0,0,0,0,0,3122.332049,4193.28428,第二種中高層住居専用地域,16048.6712,149.9529268,498051.3895,162349.1031
106003-00000,1221,186216.2345,0,0,3,0,2,0,0,0,3636.379611,4574.780566,第二種中高層住居専用地域,50586.50373,3089.350083,419280.4014,150366.0001
103000-00000,935,142473.1284,0,0,0,0,0,0,0,0,2659.866643,3783.813922,第二種中高層住居専用地域,40543.73821,3892.954749,468941.1107,240561.1396
046003-00000,1691,136453.7188,0,0,0,0,0,0,0,0,2249.931885,3389.268084,第二種中高層住居専用地域,61283.3825,311.338277,536580.6498,298098.3372
046004-00000,1009,125898.9611,0,0,0,0,0,0,0,0,2520.83375,3754.742545,第二種中高層住居専用地域,45455.14122,2065.456183,507046.1432,251896.1748
046001-00000,956,146517.0911,0,0,0,0,0,1,0,0,1863.016949,3064.61287,第二種中高層住居専用地域,41035.35915,1344.952448,753555.4918,416820.0478
046002-00000,858,127804.7324,0,0,2,0,1,0,0,0,2075.655206,3350.421422,第二種中高層住居専用地域,39557.80809,3884.625269,542724.5323,362473.0547
265091-00000,7386,1633214.569,0,2,4,2,3,0,0,1,766.945621,5610.968973,第一種住居地域,296152.4535,9258.337476,503972.4471,49065.10214
074002-00000,270,46707.38046,0,0,0,0,0,0,0,0,847.7778287,2143.272194,第二種住居地域,13135.6722,1021.331159,841897.1893,473143.392
030004-00000,1069,144205.9285,0,0,1,0,1,0,0,0,1611.701249,3003.84182,第一種住居地域,42287.55591,2060.306158,814988.8888,475411.4366
102001-00000,1224,273314.9079,0,1,1,1,1,0,0,0,2516.891617,3515.301194,第一種住居地域,46094.15853,8066.823778,598851.8884,274970.0718
091001-00000,478,90139.84639,0,0,1,0,1,1,0,0,433.7691742,433.7691742,商業地域,19659.39341,10081.90402,984768.7171,645291.3881
067001-00000,317,36207.19966,0,0,1,0,0,0,0,0,348.7560055,348.7560055,商業地域,10897.9315,7623.249366,1133130.528,646411.9639
067005-00000,372,57081.92046,0,0,1,0,0,0,0,0,1058.26088,1058.26088,商業地域,14028.43915,7101.157051,730721.7165,547341.8234
067004-00000,547,45526.27085,0,0,1,0,0,0,0,0,630.7495436,630.7495436,商業地域,11279.7915,17732.3488,895004.8062,633704.4901
092102-00000,384,69032.98165,0,0,0,0,0,0,0,0,957.1928265,957.1928265,第一種住居地域,17329.39371,524.6060722,1117736.788,636923.3897
092104-00000,2087,225218.5706,0,0,0,0,0,0,0,0,892.4498546,892.4498546,第一種住居地域,80038.53332,9673.130844,986320.3911,609002.5073
092103-00000,1274,240246.3935,0,0,0,0,0,0,0,0,1132.668371,1132.668371,第一種住居地域,59249.17785,3262.909381,898632.1225,583333.7579
071000-00000,0,2939650.201,0,0,3,0,3,0,0,0,2542.140488,3673.856068,工業専用地域,21094.30724,6080.512872,673691.3029,94421.1313
018001-00000,324,74878.32471,0,0,1,0,1,0,0,0,678.7014224,2089.220548,近隣商業地域,10235.75789,852.7169893,1004269.937,572664.9394
018002-00000,415,57036.98575,0,0,1,0,0,0,0,0,878.4849959,2332.440805,近隣商業地域,33398.65607,1515.844773,1003418.987,517736.347
030002-00000,1188,109301.5572,0,0,3,0,2,0,0,1,1214.428999,2650.505298,近隣商業地域,47609.57069,1830.083432,784937.8774,452871.1995
025001-00000,433,76007.39214,0,0,0,0,0,0,0,0,898.3624468,2057.284603,近隣商業地域,20049.309,2106.225997,948294.1143,537109.0618
009092-00000,268,26835.96663,0,0,0,0,0,0,0,0,1380.873303,1380.873303,第一種住居地域,9404.196198,545.5229433,838107.2709,574528.762
054001-00000,509,74116.52387,0,0,1,0,1,0,0,0,1163.965703,1163.965703,第一種住居地域,27291.18116,729.904787,866137.3462,615183.9348
054002-00000,643,101104.4845,0,0,0,0,0,1,0,0,1412.469609,1412.469609,第一種住居地域,19525.69023,6299.006426,820201.178,583594.1026
054003-00000,797,135806.1301,0,0,0,0,0,0,0,0,1658.185499,1658.185499,第一種住居地域,27942.6926,5961.050085,756647.8153,500695.6188
033002-00000,786,126975.6191,0,0,0,0,0,0,0,0,1583.217305,2460.255657,第二種中高層住居専用地域,32388.45323,4718.874254,570213.0007,399374.1007
033001-00000,578,97011.96351,0,0,0,0,0,0,0,0,1514.802579,2202.121658,第二種中高層住居専用地域,19585.87121,5727.900853,701826.1321,466770.1854
079003-00000,653,92238.12396,0,0,0,0,0,0,0,0,1694.798752,2710.5009,第二種中高層住居専用地域,29299.38972,1609.291437,709676.2224,381235.2748
075002-00000,470,85482.33271,0,0,0,0,0,0,1,0,1367.203648,2410.968487,第二種中高層住居専用地域,21662.07338,1495.594323,674483.8862,416410.2129
202000-00000,521,103239.4764,0,0,0,0,0,0,0,0,1242.338185,6986.903111,第一種住居地域,20174.26348,1040.288687,222247.001,102005.0073
205001-00000,865,105467.4549,0,0,0,0,0,0,0,0,1410.743679,7201.431371,第一種住居地域,32049.88517,1793.739026,184427.2476,72116.85305
095001-00000,64,344479.7514,0,0,1,0,1,0,0,0,689.8612185,3021.425149,工業地域,39578.7089,10519.31768,562735.3652,316616.5831
208001-00000,543,134325.5187,0,0,0,0,0,0,0,0,1600.537592,6449.791831,第二種住居地域,22782.47687,597.9254075,289225.5764,109629.9842
143000-00000,366,81502.9584,0,0,0,0,0,0,0,0,1982.781219,4772.631298,準工業地域,17625.89158,866.6885228,671222.9925,142286.9459
128000-00000,0,3866092.161,0,0,2,0,2,0,0,0,6610.391996,7762.969846,工業専用地域,130612.0536,101105.1605,302797.2999,119890.3121
034002-00000,891,67928.92751,0,0,1,0,1,0,0,0,538.3351774,538.3351774,商業地域,27017.1481,19085.91943,1070383.044,660168.7261
034001-00000,463,76487.55401,0,0,2,0,2,0,0,0,400.1309627,400.1309627,商業地域,16613.11635,9344.212402,1053511.867,643112.3208
034003-00000,530,113804.8781,0,0,3,0,1,0,0,0,887.3436892,887.3436892,第二種住居地域,17792.58296,12068.82961,899855.5525,561465.7087
034005-00000,751,101345.3211,0,0,0,0,0,0,0,0,890.4048764,890.4048764,第二種住居地域,27467.78977,3093.212297,977773.9455,634886.0706
067003-00000,693,102714.9618,0,0,1,0,0,0,0,0,656.8385752,656.8385752,第二種住居地域,22425.58791,12757.86448,931258.4363,582601.4762
067006-00000,828,74072.96652,0,0,1,0,1,0,0,0,1001.710793,1001.710793,第二種住居地域,24838.84929,9209.854431,862565.3909,550140.7651
155002-00000,1732,164797.9873,0,0,1,0,1,0,0,0,4188.278095,5917.463281,第一種中高層住居専用地域,48928.70516,353.116496,330310.7352,6158.102029
155001-00000,729,181809.5627,0,0,0,0,0,1,0,0,4355.318163,5467.686363,第一種中高層住居専用地域,35336.19383,1189.667561,386973.7037,12709.26941
155003-00000,42,300031.4488,0,0,0,0,0,0,0,0,4017.744595,6432.032278,工業地域,4800.753946,32.12195631,188311.5038,5570.782457
237001-00000,63,328185.713,0,0,0,0,0,0,0,0,5043.174653,5236.374967,第一種住居地域,57.11893564,0,403231.926,14878.75935
099002-00000,207,63860.79165,0,0,0,0,0,0,0,0,3610.077133,4482.047952,第二種住居地域,10040.00839,850.9092713,514711.1839,183931.9673
099001-00000,141,33664.64642,0,0,0,0,0,0,0,0,3153.4286,4052.510955,第二種住居地域,5756.914475,658.9068602,493586.3938,193634.2221
099004-00000,1314,242153.5512,0,0,0,0,0,0,0,0,4763.583872,5604.483261,第一種住居地域,58872.94927,2200.059382,461542.9414,71492.97637
099003-00000,590,113694.0783,0,0,0,0,0,0,0,0,4281.867919,5142.912544,第一種住居地域,28748.66916,802.8202945,492161.0615,121648.1958
098000-00000,6293,1865875.518,0,0,3,0,1,1,0,1,3975.494818,4665.860473,第一種住居地域,274890.3185,10075.61095,447768.8028,115719.3282
106005-00000,661,132393.5285,0,0,0,0,0,0,0,0,4051.148447,4993.569011,第一種住居地域,30303.96892,1846.515142,447288.243,120544.0265
171000-00000,4276,1724188.201,0,0,3,0,2,0,0,0,6155.138153,6812.73903,第一種住居地域,174797.4795,5326.528199,358497.5737,39406.70798
088000-00000,3398,497139.6251,0,0,1,0,1,0,0,1,2917.668975,2917.668975,準住居地域,142468.2676,5074.235779,756109.7724,351676.0699
066000-00000,1447,232059.4191,0,1,0,1,0,0,0,0,2450.472553,2450.472553,準住居地域,47122.70251,3995.412931,806153.2406,399699.4015
205003-00000,2587,336499.5128,0,0,3,0,1,0,0,1,1826.330718,7852.659816,第一種中高層住居専用地域,100372.8227,4366.401337,127799.5977,90808.9755
205002-00000,733,130007.8887,0,0,0,0,0,0,0,0,1630.72679,7420.260435,第一種中高層住居専用地域,34915.31043,1765.66433,157924.6766,74890.25462
225000-00000,734,151812.6722,0,0,1,0,1,0,0,0,1560.895982,7514.273285,第二種中高層住居専用地域,28550.29754,3700.968858,152908.6343,98589.47413
237002-00000,2451,472598.8868,0,0,1,0,1,0,0,0,4899.698686,4899.698686,第一種低層住居専用地域,117124.4481,1203.395289,518681.5801,19328.71357
237003-00000,1733,280726.3591,0,0,1,0,1,0,0,0,5476.877403,5592.582067,第一種低層住居専用地域,76139.00701,596.1196433,317669.1653,4803.1484
012000-00000,2228,243050.1493,0,0,0,0,0,0,0,0,1046.176432,4975.766483,第一種中高層住居専用地域,79076.17951,2591.539191,665427.0848,72219.83832
036002-00000,539,86028.13536,0,0,1,0,1,0,0,0,508.0713995,2422.363698,第二種住居地域,23950.29378,1901.407837,689926.2042,389722.5267
079001-00000,614,148057.454,0,0,0,0,0,1,1,1,1354.899699,2621.160732,第一種住居地域,29447.97971,1581.578332,764231.5137,438461.9681
079002-00000,666,106219.057,0,0,3,0,1,0,0,1,1690.101983,2821.933719,第一種住居地域,30856.53886,3902.438008,720705.8675,426586.42
075001-00000,454,60137.59682,0,1,1,1,1,0,0,0,1158.987824,2237.936499,第一種住居地域,20383.15231,488.5909043,821101.3074,462110.0026
025002-00000,324,49864.00346,0,0,1,0,0,0,0,0,909.3320883,2185.426696,第一種住居地域,11619.86666,947.89341,968919.872,534282.9061
025003-00000,547,74743.06335,0,0,0,0,0,0,0,0,1067.748729,2413.15913,第一種住居地域,27587.84926,1576.946531,865967.6229,479784.7314
083002-00000,393,77987.29269,0,0,0,0,0,1,0,0,694.4042897,694.4042897,近隣商業地域,15751.13861,1245.259855,1185633.526,690899.4598
209001-00000,1341,162860.3249,0,0,0,0,0,0,0,0,1486.864621,8330.021493,準工業地域,52460.50107,1217.371557,136096.7028,83212.19083
209003-00000,1370,177344.9391,0,0,0,0,0,0,0,1,1340.531661,7735.640711,準工業地域,54799.45192,1350.748287,179172.5592,91611.05219
216007-00000,1278,209144.038,0,0,0,0,0,0,1,0,1219.251328,8301.061292,準工業地域,55881.24274,1518.316269,160007.877,81612.65408
270000-00000,3946,3364124.275,0,0,0,0,0,1,0,0,7371.002814,9070.677682,第一種低層住居専用地域,155839.3727,3400.381307,38644.79863,5348.05984
233001-00000,1360,319572.8176,0,0,1,0,1,0,0,0,1852.243402,1852.243402,第一種住居地域,55178.68986,4841.925471,608009.5631,445305.1632
092292-00000,1443,205985.8346,0,0,1,0,1,0,0,0,2089.929768,2089.929768,第一種住居地域,52573.67673,1065.537066,454845.6854,304536.3423
234001-00000,1849,238392.6812,0,0,2,0,2,0,0,0,2390.251626,2390.251626,第一種住居地域,59055.72939,3890.963643,503743.1619,202581.1148
092291-00000,2408,962673.5904,0,0,0,0,0,0,0,0,1637.477451,1637.477451,準工業地域,98800.34096,8820.33679,727580.2608,529140.415
278001-00000,349,106244.1211,0,0,2,0,1,0,0,0,1042.463306,1042.463306,準工業地域,12779.51008,1016.439701,922323.4568,581838.5681
104000-00000,3979,1191822.963,0,0,1,0,1,0,1,1,4418.840761,5469.573794,第一種低層住居専用地域,175859.4122,3559.445904,433680.1132,98106.91048
105001-00000,733,130299.4267,0,0,1,0,1,1,0,0,4232.257252,5216.141609,第一種低層住居専用地域,26059.90937,701.2950229,433343.1397,99716.20192
005000-00000,291,84130.6188,0,0,1,0,1,0,0,0,498.1566635,1797.222046,商業地域,10651.97332,3090.27219,1126183.133,685328.4819
028000-00000,368,61185.39443,0,0,1,0,1,0,0,0,710.3497405,2248.699852,商業地域,11823.69339,6973.081275,1011764.183,535709.5373
280004-00000,951,161694.0711,0,0,0,0,0,0,0,0,5210.80142,8267.547746,第一種低層住居専用地域,41143.37524,604.3555781,392433.3322,19784.291
280006-00000,999,245957.572,0,0,1,0,1,0,0,0,5599.880397,8800.637215,第一種低層住居専用地域,46422.51437,2113.368111,327462.9917,19262.45351
010004-00000,386,77131.26351,0,0,1,0,1,0,0,0,666.6605496,666.6605496,近隣商業地域,16192.24368,3407.607109,1057297.463,675694.6015
010003-00000,650,124599.1876,0,0,2,0,2,0,0,0,771.8980363,771.8980363,近隣商業地域,24364.94078,2341.579343,1058262.427,672373.008
201003-00000,1088,218226.4419,0,0,0,0,0,1,0,0,642.9916055,7116.607855,第一種住居地域,43025.41154,861.3749714,394423.0783,86388.66754
201004-00000,1584,206133.7972,0,0,0,0,0,0,0,0,519.869264,7095.61157,第一種住居地域,64924.46154,1790.80185,384658.5439,80377.55174
228002-00000,356,129496.741,0,0,0,0,0,0,0,0,1262.866845,6387.205517,準住居地域,17159.58438,497.4740684,531132.2063,118512.4024
230001-00000,765,651907.3186,0,0,1,0,1,0,0,0,2080.984109,9538.767089,準工業地域,11314.48534,809.5492961,290397.9679,57885.17027
013002-00000,310,40358.55861,0,0,3,0,2,0,0,0,343.5695408,343.5695408,商業地域,7608.457882,4684.958286,1275774.71,671237.2644
013003-00000,545,43358.86692,0,0,3,0,2,0,0,0,186.8209685,186.8209685,商業地域,26757.81774,6510.572319,1297184.53,670805.1041
013001-00000,16,36778.6948,0,0,7,0,3,0,0,0,253.486667,253.486667,商業地域,803.3391251,590.748065,1290185.391,686520.4439
278002-00000,1134,165762.0621,0,0,1,0,1,1,0,0,1033.047408,1033.047408,第一種住居地域,37468.87037,9115.154244,951599.0187,583753.7121
197102-00000,1247,228230.2229,0,1,2,1,2,0,0,0,2473.869616,4057.15998,第二種中高層住居専用地域,48376.81441,3505.568085,527817.1086,261112.9145
197101-00000,630,103283.5277,0,0,2,0,1,0,0,0,2136.892673,3720.954996,第二種住居地域,24834.02668,476.7774774,558898.8769,337757.6203
280001-00000,0,286213.1361,0,0,0,0,0,0,0,0,4791.607735,7919.409601,準工業地域,22390.13116,193.066841,392433.3322,19784.291
280002-00000,905,151823.1057,0,0,0,0,0,0,0,0,4971.85233,8625.882795,第一種低層住居専用地域,37640.43241,1228.669025,149039.5987,19262.45351
280003-00000,562,144376.9456,0,0,2,0,1,1,0,0,4993.071593,8265.452186,第一種低層住居専用地域,27085.46819,718.7550107,330760.6894,19784.291
280007-00000,758,251000.7793,0,0,1,0,0,0,0,0,5285.173624,8757.552493,第一種低層住居専用地域,58578.30568,766.8874117,259442.2064,19262.45351
280008-00000,38,275908.9879,0,0,0,0,0,0,0,0,5711.331824,9153.103131,準工業地域,9685.142915,0,162830.3641,18476.80146
280005-00000,1002,265773.7433,0,0,1,0,1,0,0,0,5759.527845,8719.471979,第一種住居地域,45078.07268,1075.771639,385030.9633,23413.48768
017000-00000,133,24344.9476,0,0,0,0,0,0,0,0,1007.291301,1382.127843,第二種住居地域,6046.661708,3479.965338,1026567.116,664743.917
240001-00000,1167,182937.3685,0,0,1,0,1,0,0,0,5300.684068,7876.752976,第二種中高層住居専用地域,50511.55297,2294.869133,481024.2933,23413.48768
119091-67463,41.2936,258033.3645,0,0,0,0,0,0,0,0,5346.155429,5346.155429,0,2182.603462,179.1676602,519029.2384,22444.26626
119091-67461,11.56164,288984.6793,0,0,0,0,0,0,0,0,5539.527255,5539.527255,0,0,0,259212.7172,4558.004513
124000-67862,39.318448,258623.2999,0,0,0,0,0,0,0,0,3543.613635,5559.015986,0,0,0,489645.1341,36854.3448
124000-67871,41,128647.2555,0,0,1,0,1,0,0,0,3695.181956,5996.168711,0,0,0,501365.511,26918.99017
124000-67873,20,191155.6953,0,0,0,0,0,0,0,0,3352.197696,6141.167006,0,0,0,365936.0073,10246.17221
119091-67552,198.724608,258705.3843,0,0,0,0,0,0,0,0,4654.542987,4654.542987,0,11018.12155,311.099387,763704.327,52372.29895
119091-67551,327.067584,258705.3138,0,0,2,0,1,0,0,0,4138.443866,4138.443866,0,18748.11018,622.0326972,767296.6838,98899.30788
119091-67554,87,129495.7732,0,0,0,0,0,0,0,0,4510.365052,4510.365052,0,3438.375297,0,573475.9142,36426.19641
119091-67553,207,154924.2164,0,0,0,0,0,0,0,0,4007.865007,4007.865007,0,10121.62001,50.80787144,614617.9071,60030.2053
130000-67464,130.865112,259601.6276,0,0,0,0,0,0,0,0,5866.04724,5866.04724,0,12766.76319,131.3199172,542301.8815,24580.16132
119091-67542,410,195225.4367,0,0,0,0,0,0,0,0,3699.182091,3699.182091,0,5531.814049,1.42E-14,744884.9117,96554.82136
130000-67462,139.537736,371039.2829,0,0,0,0,0,0,0,0,6034.01164,6034.01164,0,4137.080674,82.51645066,397141.3726,8147.426505
119091-67544,700,101168.8546,0,0,0,0,0,0,0,0,3520.720256,3520.720256,0,10610.09302,558.6277903,848932.8306,207906.1719
119091-67354,69,164245.9358,0,0,0,0,0,0,0,0,5235.508898,5235.508898,0,0,0,60306.12384,19845.24679
130000-67383,221,173397.2884,0,0,0,0,0,0,0,0,7683.301766,7683.301766,0,8731.561754,417.3253482,518082.904,111547.4819
120000-67553,207,103767.3947,0,0,0,0,0,0,0,0,3920.605923,3920.605923,0,2389.372978,0,577772.3127,96047.56908
130000-67384,41,104342.3193,0,0,0,0,0,0,0,0,7954.943044,8109.194723,0,1511.639729,0,358474.2332,110610.3921
130000-67374,418,246686.4239,0,0,0,0,0,0,0,0,7281.455398,7281.455398,0,10004.56697,379.2871712,497260.0023,10442.32141
120000-67554,87,129195.9084,0,0,0,0,0,0,0,0,4506.01449,4506.01449,0,2032.781382,0,535381.7527,48113.52727
131000-67574,510.135516,412650.6644,0,0,0,0,0,0,0,0,6261.912949,6732.979039,0,16997.69254,231.0780974,356099.6997,109035.3454
131000-67573,85.493268,339193.7853,0,0,0,0,0,0,0,0,5990.404133,6175.781708,0,10543.12047,93.75372585,290764.2668,8640.437899
124000-67663,0,227819.9608,0,0,0,0,0,0,0,0,4765.708185,5037.408953,0,3304.363286,0,252326.049,17017.08833
131000-67662,41,203965.1434,0,0,0,0,0,0,0,0,5279.380878,5617.029362,0,2780.329396,0,170917.727,6553.707765
120000-67644,1016,68711.97225,0,0,0,0,0,0,0,0,3343.98016,3343.98016,0,1282.86507,0,679701.1213,288062.283
130000-67474,299.141452,354361.7536,0,0,0,0,0,0,1,0,6866.849922,6866.849922,0,17407.0562,840.3864327,480121.8027,109987.4311
130000-67483,314,133852.4278,0,0,1,0,1,0,0,0,7081.369661,7288.53161,0,13431.67528,293.0769474,570733.6178,108495.6713
124000-67962,75,105626.5708,0,0,0,0,0,0,0,0,2841.569552,5791.799752,0,0,0,267977.4709,19777.3748
124000-67864,105.747768,326317.1808,0,0,0,0,0,0,0,0,3091.526289,5595.782475,0,0,0,335741.2116,14155.69421
131000-67674,511.532736,343703.1577,0,0,0,0,0,0,0,0,5252.385161,6644.429273,0,24300.79472,785.652049,447096.7529,126474.4561
120000-67651,57,235234.1454,0,0,0,0,0,0,0,0,3833.466204,3833.466204,0,4622.18709,61.09041866,492398.3014,102383.1446
124000-67971,0,357088.5979,0,0,0,0,0,0,0,0,2971.614749,6385.633987,0,0,0,49352.6277,7500.442416
124000-67664,0,274161.6608,0,0,0,0,0,0,0,0,4880.388484,5410.811184,0,0,0,184488.6187,10921.79946
124000-67861,89,222738.4403,0,0,0,0,0,0,0,0,3509.024553,5096.929536,0,820.9413885,0,477023.7782,33636.26281
124000-67764,100.876608,300171.0775,0,0,0,0,0,0,0,0,3987.140871,5533.781054,0,9997.125027,0,385949.6961,9284.079821
120000-67763,93,163078.6587,0,0,0,0,0,0,0,0,3838.40538,4903.346269,0,4056.766516,0,397286.5852,54734.03489
124000-67762,115.205516,323547.0191,0,0,0,0,0,0,0,0,4431.675533,5527.068458,0,8158.292899,301.4498377,263691.9865,11099.56636
120000-67761,150,132269.932,0,0,0,0,0,0,0,0,4273.849031,4935.234571,0,1576.906258,69.53787711,365764.8524,44667.96152
119091-67351,97,128182.1811,0,0,0,0,0,0,0,0,5056.618425,5056.618425,0,0,0,36357.17085,11384.52949
119091-67342,42.80988,356680.0733,0,0,0,0,0,0,0,0,4848.123663,4848.123663,0,0,0,95707.3018,12631.41529
131000-67672,216,244163.5395,0,0,0,0,0,0,0,0,5674.261266,6602.723391,0,13371.03163,521.8374961,398807.6208,113922.1636
132000-67672,216,231056.3645,0,0,0,0,0,0,0,0,4856.639784,6555.923307,0,7797.48319,7.11E-15,380873.4294,122589.1438
132000-67771,0,98010.84686,0,0,0,0,0,0,0,0,4552.065251,6109.634823,0,0,0,140613.7482,12644.95303
131000-67771,0,95743.65226,0,0,0,0,0,0,0,0,4747.989353,6058.405528,0,0,0,73064.01315,2972.916868
119091-67353,142.856496,258746.4138,0,0,1,0,1,0,0,0,4873.768748,4873.768748,0,0,0,63895.00762,16399.73494
132000-67871,41,129976.1268,0,0,0,0,0,0,0,0,3890.904557,6220.859621,0,0,0,19439.44487,1132.820773
119091-67344,37.266912,258746.3472,0,0,0,0,0,0,0,0,4454.330659,4454.330659,0,0,0,109327.6504,22675.18454
132000-67872,0,255788.9824,0,0,0,0,0,0,0,0,4103.595715,6657.215537,0,56.47516993,0,300545.5224,20223.3531
119091-67343,145,217670.0795,0,0,0,0,0,0,0,0,4090.74624,4090.74624,0,0,0,262890.1204,61023.8691
132000-67774,255.583744,258637.1784,0,0,0,0,0,0,0,0,4480.916595,6601.16553,0,13907.15002,316.7950064,457559.3175,19395.7211
132000-67773,0,217105.6685,0,0,0,0,0,0,0,0,4223.073716,6087.788327,0,0,0,5637.63849,1132.820773
119091-67442,65.213568,258732.6486,0,0,0,0,0,0,0,0,4147.868955,4147.868955,0,0,0,291834.8122,41331.76403
119091-67451,120.075776,258732.7152,0,0,0,0,0,0,0,0,4595.341864,4595.341864,0,0,0,356679.9793,35853.44853
119091-67444,130.93564,297517.9446,0,0,0,0,0,0,0,0,3842.58188,3842.58188,0,23.20132168,0,531938.4327,74933.29627
120000-67852,320,97426.30876,0,0,0,0,0,0,0,0,3419.402492,4683.209577,0,5237.85503,0,458076.6006,32577.41756
120000-67653,48,111183.2336,0,0,0,0,0,0,0,0,3821.748355,3821.748355,0,260.0294809,0,363848.8326,194319.4689
132000-67881,21,157974.2591,0,0,0,0,0,0,0,0,4478.308446,7149.372285,0,1279.897938,0,507173.7026,21364.44041
132000-67873,20,106249.3936,0,0,0,0,0,0,0,0,3652.102472,6467.755585,0,0,0,153130.3574,1510.846789
130000-67562,106.74342,254099.7913,0,0,0,0,0,0,0,0,5744.77007,5744.77007,0,6459.123166,0,529907.273,13392.19766
119091-67453,78.66608,258719.0152,0,0,0,0,0,0,0,0,4348.355837,4348.355837,0,364.3478854,0,459535.2301,52877.6616
120000-67661,3.070644,255835.3968,0,0,0,0,0,0,0,0,4998.914542,4998.914542,0,1653.452552,217.4096989,241455.207,14372.83589
119091-67452,155.2704,258732.7857,0,0,0,0,0,0,0,0,5065.146315,5065.146315,0,0,0,347501.0023,27752.50947
131000-67581,54,147821.2911,0,0,0,0,0,0,0,0,6740.810034,7261.742309,0,21499.48766,0,529408.6715,107998.5837
130000-67571,35,178203.7515,0,0,0,0,0,0,0,0,6224.220822,6224.220822,0,3939.191492,67.03103168,468820.3449,8933.078554
119091-67454,55.89432,258719.0857,0,0,0,0,0,0,0,0,4842.158097,4842.158097,0,389.91555,0,530363.2698,52302.76108
132000-67781,19,123643.9657,0,0,0,0,0,0,0,0,5170.120581,6998.820996,0,4747.940245,0,412777.9442,123250.5448
130000-67472,580.711296,258733.1078,0,0,0,0,0,0,0,0,7076.141461,7076.141461,0,29145.52677,1002.141578,465797.5385,11051.75707
132000-67783,183.434076,250545.4463,0,0,0,0,0,1,0,0,4800.253945,7181.791488,0,10003.3324,61.23100922,548211.2968,22165.36175
120000-67563,6,223421.4998,0,0,0,0,0,0,0,0,5099.404876,5099.404876,0,0,0,313507.48,13419.00669
119091-67561,256.866552,396320.6369,0,0,1,0,1,0,0,0,5200.335374,5200.335374,0,14956.39371,317.9199578,597946.8986,23462.59731
130000-67473,276.36636,258719.3212,0,0,0,0,0,0,0,0,6388.922291,6388.922291,0,20245.22197,394.9537391,721928.0864,17509.85812
130000-67481,454,200519.73,0,0,0,0,0,0,0,0,7568.300069,7568.300069,0,23641.68648,680.2456604,415473.2406,108268.5739
131000-67564,114,160927.2535,0,0,0,0,0,0,0,0,5649.275067,5649.275067,0,4719.295205,0,410786.399,8252.832894
131000-67673,32.74496,255769.488,0,0,0,0,0,0,0,0,5042.321434,6024.077478,0,1677.738456,0,21725.52369,5186.995369
131000-67671,590.937036,258678.2128,0,0,3,0,3,0,0,0,5469.687252,6062.410563,0,21043.35679,800.9213437,242364.8106,6909.123503
120000-67754,94,186739.5158,0,0,0,0,0,0,0,0,3848.995274,4476.22226,0,7024.55129,0,361566.7628,51036.69259
120000-67654,276.8931,307598.7513,0,0,0,0,0,1,0,0,4167.083016,4167.083016,0,26706.01049,216.2505371,566036.5455,117329.5289
120000-67752,228,214435.0453,0,0,1,0,1,0,0,0,4188.620834,4588.382357,0,16485.01972,761.8330583,429063.2459,87878.57411
120000-67652,129,209715.1889,0,0,0,0,0,0,0,0,4451.057023,4451.057023,0,5125.714186,1.78E-14,448140.6202,51378.49558
119091-67441,210.715136,306211.5697,0,0,0,0,0,0,0,0,3700.866998,3700.866998,0,0,0,501386.1118,60105.59442
119091-67341,51.770796,392126.5187,0,0,0,0,0,0,0,0,4468.894567,4468.894567,0,0,0,147427.6726,22697.92784
120000-67663,0,229326.899,0,0,0,0,0,0,0,0,4647.666843,4655.625814,0,5638.772457,237.9785408,273075.0702,17017.08833
123291-67852,320,201692.5968,0,0,1,0,0,0,0,0,3248.789074,4429.280665,0,209.3790063,0,506480.826,40925.66341
123291-67653,48,143565.2893,0,0,0,0,0,0,0,1,3592.365203,3592.365203,0,1146.600958,1172.985407,473690.8563,270336.302
123291-67751,216.70242,328272.6295,0,0,0,0,0,0,0,0,3861.416313,3861.416313,0,13993.21924,549.3216631,515473.1885,132017.4475
123291-67742,326,116441.6806,0,0,0,0,0,0,0,0,3361.481527,3361.481527,0,389.5441902,0,509348.9985,195418.7943
123291-67964,107.943492,325067.0144,0,0,0,0,0,0,0,0,2364.153,6051.066931,0,0,0,36529.19399,23816.1667
123291-67961,64,247193.9561,0,0,0,0,0,1,0,0,2469.699409,5281.334337,0,0,0,332011.6632,26010.76737
123291-67962,75,170974.0414,0,0,0,0,0,0,0,0,2631.385819,5811.141643,0,0,0,160752.9186,16891.517
123291-77061,78.795088,339565.4713,0,0,0,0,0,0,0,0,1556.602695,5726.82159,0,0,0,101087.1731,26080.24984
123291-67963,73.451772,258582.0841,0,0,0,0,0,0,0,0,2048.181919,5479.782634,0,0,0,66606.96846,24466.79425
123291-67863,25.2735,252686.4128,0,0,0,0,0,0,0,0,2977.641888,5022.230815,0,0,0,504688.5685,26849.51049
123291-77054,81.16914,312125.1766,0,0,0,0,0,0,0,0,967.7758213,5405.059715,0,161.6517431,0,378969.1125,71954.80484
123291-77062,33,246795.6754,0,0,0,0,0,0,0,0,1971.729834,6168.238472,0,0,0,17986.04107,16609.33924
123291-67753,89.924996,458709.4934,0,0,0,0,0,0,0,0,3746.580849,3872.513496,0,9288.544184,202.8333853,448841.8314,86387.72892
123291-77052,108.7296,362360.678,0,0,0,0,0,0,0,0,1433.409925,5136.402012,0,0,0,297092.9804,55832.96734
123291-67954,155.813216,374477.5156,0,0,0,0,0,0,0,0,1890.474609,4878.380077,0,30.47929425,0,194741.4037,62188.58637
123291-67854,277.90488,315738.1008,0,1,0,1,0,0,0,0,2823.383524,4538.516329,0,0,0,467006.3642,44111.72611
123291-67952,274.71456,336593.2239,0,0,1,0,1,0,0,1,2348.81214,4700.344897,0,0,0,404302.814,39934.06353
123291-67851,142,248811.652,0,0,0,0,0,0,0,0,3322.388589,3913.55234,0,6334.490321,0,389613.3446,63858.90313
123291-67842,0,151939.5107,0,0,0,0,0,0,0,0,3497.000118,3497.000118,0,16267.20007,1275.372517,543105.0046,119994.1785
130000-67471,244,240065.9409,0,0,0,0,0,0,0,0,6560.502877,6560.502877,0,13279.25708,171.8962013,352705.9189,9082.845392
156000-00000,6549,2494480.571,0,0,9,0,6,0,0,0,2952.67085,2952.67085,0,224402.8164,11122.26233,489703.7476,138740.419
247000-00000,460,5873513.41,0,0,0,0,0,0,0,0,12442.32568,15752.41687,0,686.7487899,0,2898.630823,1000.308046
251000-00000,110,545069.1721,0,0,0,0,0,0,0,0,10649.54525,14193.81281,0,4064.711624,562.5220007,55439.83784,2970.535447
206000-00000,1038,2611337.591,0,0,3,0,3,0,0,1,1633.258413,8203.071202,0,0,0,32072.38349,29839.22748
258000-00000,765,6184283.08,0,0,0,0,0,0,0,0,7953.200848,12707.70639,0,0,0,0,0
127000-00000,74,577010.7339,0,0,0,0,0,0,0,0,4351.757247,7801.784733,0,5954.11786,99.75146211,101306.9113,16399.05913
159000-00000,1075,1513777.642,0,0,1,0,1,0,0,1,3000.450304,5028.325128,0,0,0,514174.5835,27431.38869
134000-00000,4108,8674432.654,0,0,1,0,1,1,0,1,9627.911291,9724.922744,0,32752.73497,1359.476014,30367.50395,7026.963282
139000-00000,547,642998.5851,0,0,0,0,0,0,0,0,4100.127581,5115.401996,0,14048.75904,325.1313729,299501.6334,16689.31662
157000-00000,187,676930.0644,0,0,0,0,0,0,0,0,4082.19947,5643.931708,0,0,0,428082.6682,14105.15117
220000-00000,247,685636.3148,0,0,0,0,0,0,0,0,1054.131779,8367.495082,0,3011.74634,0,161249.0515,64715.70534
261000-00000,88,644646.6142,0,0,0,0,0,0,0,0,5029.067852,9547.257983,0,0,0,7120.694391,6103.505864
266000-00000,325,3369928.296,0,0,2,0,2,0,0,0,7927.091664,10915.25626,0,0,0,3475.358486,1947.678532
189000-00000,1539,2464938.994,0,0,1,0,1,0,0,0,8057.218378,9433.381155,0,0,0,244297.4405,0
248000-00000,272,2838618.876,0,0,0,0,0,0,0,0,12069.15776,14637.86155,0,0,0,2970.535447,71.90462356
168000-00000,320,1316794.743,0,0,0,0,0,0,0,0,7680.465127,8775.524492,0,0,0,75965.09285,5609.334783
162000-00000,826,1236097.995,0,0,3,0,2,1,1,0,4159.463513,4429.560694,0,0,0,434226.0512,48841.1693
263000-00000,9846,6485820.688,1,1,8,1,7,3,2,1,1618.397245,7406.655607,0,283809.7761,7519.75097,341291.5945,31223.18641
254000-00000,421,1929149.743,0,0,0,0,0,0,0,0,8506.903631,11884.91016,0,0,0,3475.358486,1970.227401
274000-00000,266,244051.2363,0,0,0,0,0,0,0,0,2740.133165,6060.183989,0,0,0,268662.5249,33072.74368
132000-00000,614,70710.62278,0,0,0,0,0,0,0,0,6051.930136,8119.834471,0,131.5240843,0,364201.7242,127838.4623
182000-00000,1071,3460101.714,0,0,0,0,0,1,0,0,15181.78018,15868.87561,0,0,0,0,0
257000-00000,1673,7404872.343,0,0,1,0,1,1,0,0,10217.27443,14573.74149,0,0,0,2970.535447,562.5220007
207000-00000,542,1247692.023,0,0,0,0,0,0,0,0,1013.380387,6630.5341,0,16485.92732,86.5818548,262572.2,80136.74478
252000-00000,210,2095977.988,0,0,0,0,0,0,0,0,9664.141344,11975.29126,0,0,0,437.7860452,1970.227401
272000-00000,314,1404065.195,0,0,0,0,0,0,0,0,4138.454908,7706.461246,0,0,0,201823.6486,965.1579528
125000-00000,1125,8090629.564,0,0,0,0,0,1,0,0,3443.616939,8326.89935,0,3754.35461,0,0,1390.317165
273000-00000,2718,6803062.136,0,0,0,0,0,0,1,0,4182.288976,7303.393698,0,17733.80539,965.1579528,153006.9282,2912.836485
265092-00000,2148,3256712.783,0,0,1,0,1,0,0,0,1239.805251,6528.057054,0,68584.79537,6062.492522,135942.3343,26215.85389
253000-00000,125,668843.7292,0,0,0,0,0,0,0,0,9301.265269,12262.1359,0,2480.303748,0,2970.535447,2970.535447
142000-00000,477,984082.638,0,0,1,0,0,0,0,0,3086.980634,6237.989402,0,0,0,130113.9737,7555.50786
135000-00000,120,903053.1551,0,0,0,0,0,0,0,0,3865.137541,7122.297825,0,9238.971783,161.64814,182605.3035,18284.7955
140000-00000,6307,3997274.03,0,0,5,0,3,1,0,2,3806.470202,3806.470202,0,210310.2808,9033.547921,216582.9656,57483.01107
192000-00000,1345,2440793.8,0,0,0,0,0,0,0,0,2764.936536,6480.760451,0,0,0,287637.6581,23875.72895
161000-00000,2295,1655488.955,0,0,1,0,0,0,0,0,3088.298979,3952.994227,0,81868.38546,2868.087089,389186.2678,100574.4351
198000-00000,4107,2527321.925,0,0,4,0,3,1,0,1,2179.361673,5306.852394,0,158654.767,4828.720576,415840.2417,100466.9732
246000-00000,406,16759616.15,0,0,1,0,1,0,0,0,13516.70409,15930.09784,0,0,0,2970.535447,71.90462356
138000-00000,2482,1966059.472,0,0,1,0,1,0,0,0,2067.381244,3108.744153,0,101571.8564,7045.102855,799643.2153,193558.6919
193000-00000,137,919600.1952,0,0,0,0,0,0,0,0,2268.921261,8248.618713,0,0,0,0,0
147000-00000,1853,3078182.112,0,1,7,1,7,1,1,0,2911.968475,5029.732896,0,0,0,258903.9191,22735.85114
178000-00000,118,3706017.936,0,0,0,0,0,0,0,0,17319.99487,18139.69298,0,0,0,0,0
255000-00000,607,1917323.765,0,0,0,0,0,0,0,0,8699.616698,12660.53268,0,6944.675643,0,5883.371932,562.5220007
158000-00000,1034,1830278.06,0,0,3,0,2,1,0,0,2079.670877,5696.745261,0,11444.73844,1017.188527,564876.3152,40802.63079
267000-00000,193,1288993.33,0,0,1,0,1,0,0,0,6058.899192,9752.92887,0,0,0,36424.21482,1947.678532
256000-00000,682,5708634.156,0,0,0,0,0,0,0,0,13036.41195,16887.49409,0,0,0,4918.213979,0
264000-00000,1760,2085513.937,0,0,0,0,0,0,0,0,2499.455585,8448.220241,0,59114.77276,2279.09958,37027.82069,9798.85055
164000-00000,1212,3782174.311,0,1,1,1,1,0,0,0,4395.198111,4725.910747,0,6179.334404,135.546379,185706.1904,49522.31425
187000-00000,2684,5286562.565,0,1,2,1,1,1,0,0,4754.487603,6785.690432,0,72237.21133,2020.457642,52081.75377,4448.344325
188000-00000,762,2179180.262,0,0,0,0,0,0,0,0,8121.704254,9362.345503,0,0,0,66.98107119,0
271000-00000,68,1376874.888,0,0,0,0,0,0,0,0,8085.345944,10265.99968,0,0,0,5348.05984,5348.05984
152000-00000,612,2467092.154,0,0,0,0,0,0,0,0,6594.758663,8717.613139,0,0,0,157457.2914,0
172000-00000,96,4126813.609,0,0,0,0,0,0,0,0,11775.59533,13049.67568,0,0,0,5326.528199,0
218000-00000,457,1267034.193,0,0,0,0,0,0,0,0,2357.782455,8433.130434,0,0,0,188910.6787,28933.45678
145000-00000,404,902919.2408,0,0,0,0,0,0,0,0,1700.174631,6020.431152,0,13201.58092,146.0275378,312586.2072,41898.49566
167200-00000,209,3952078.483,0,0,0,0,0,1,0,0,6458.194873,7287.682878,0,0,0,11556.92192,0
170000-00000,2801,16605364.83,0,0,1,0,1,1,1,1,10188.45704,11174.39806,0,0,0,16311.40222,0
150000-00000,1098,2914475.57,0,0,2,0,1,1,1,0,6032.456924,7266.898284,0,0,0,200461.6731,32.12195631
194000-00000,219,1264750.504,0,0,0,0,0,0,0,0,1655.968417,7179.463724,0,0,0,18298.8422,35473.23689
177000-00000,2836,6099741.12,0,0,5,0,4,1,1,1,11005.76465,11640.75091,0,0,0,47782.33847,0
126000-00000,2427,7765714.165,0,0,1,0,1,1,1,1,8119.521625,8119.521625,0,6597.186606,759.2025002,74183.91203,3124.806538
199000-00000,7409,2313107.652,0,0,8,0,6,0,1,0,1066.304976,5988.121761,0,293833.5699,7783.985754,393168.2021,92566.39996
211000-00000,293,997384.4593,0,0,0,0,0,1,0,1,1010.34721,7727.671375,0,0,0,89806.33142,48292.92953
149000-00000,1685,5365447.189,0,0,1,0,1,0,0,0,5906.401,5906.401,0,0,0,30276.66958,1753.061049
169000-00000,6803,4605815.351,0,1,7,1,6,2,0,0,7107.012559,7912.999683,0,206205.455,5609.334783,137811.3283,13135.92236
184000-00000,1990,4205387.75,0,0,2,0,2,1,1,0,6387.984368,7691.254923,0,0,0,387536.4381,14598.28803
174000-00000,186,2031030.313,0,0,0,0,0,0,0,0,9559.248102,10862.45795,0,0,0,0,0
153000-00000,380,2464618.429,0,0,0,0,0,0,0,0,7393.763345,10081.73088,0,0,0,2737.712087,0
173000-00000,291,1417965.773,0,0,0,0,0,0,0,0,9279.776272,9781.830195,0,0,0,120303.0927,0
180000-00000,203,2330267.551,0,0,0,0,0,0,0,0,16173.00142,16980.26963,0,0,0,0,0
212000-00000,222,719953.3432,0,0,0,0,0,0,0,0,2072.011435,8734.391177,0,0,0,81537.8147,33441.48464
167101-00000,1030,144477.2365,0,0,0,0,0,0,0,0,5230.508889,6375.599231,0,0,0,301361.3932,1799.514932
167102-00000,998,148619.0426,0,0,0,0,0,0,0,0,5459.294111,6514.152045,0,0,0,270954.7002,1799.514932
167103-00000,1146,144262.8404,0,0,0,0,0,0,0,0,5769.292369,7064.459579,0,0,0,201862.5723,0
175000-00000,534,1439781.114,0,0,0,0,0,0,0,0,7883.79917,8442.74486,0,0,0,209449.6197,10935.86298
154000-00000,131,624739.2629,0,0,0,0,0,0,0,0,4330.08454,8206.74177,0,0,0,74573.43422,1004.861934
129000-00000,172,1254984.162,0,0,0,0,0,0,0,0,7136.941904,7136.941904,0,0,0,74183.91203,1408.568891
133000-00000,191,856908.4382,0,0,1,0,0,0,0,0,5934.8797,8596.15202,0,17588.57339,643.7676654,348372.0549,22891.65019
204000-00000,293,371453.301,0,0,1,0,1,0,0,0,1436.102194,7619.808869,0,6424.260482,73.2517622,142409.0634,62365.519
224000-00000,177,814377.1581,0,0,0,0,0,0,0,0,2074.313959,9123.0601,0,0,0,55430.95567,29199.00147
260000-00000,523,4659351.518,0,0,0,0,0,0,0,0,6084.741537,11081.70025,0,0,0,6103.505864,6103.505864
183000-00000,747,3707853.358,0,1,1,1,1,0,0,0,5787.474713,8246.287882,0,0,0,15476.98823,0
250000-00000,2837,3820019.276,1,0,2,0,2,2,1,1,9892.465267,13085.18721,0,88934.3698,1970.227401,4918.213979,2970.535447
221000-00000,2782,2135674.864,0,0,6,0,6,0,0,1,2408.131718,9062.593192,0,92118.16098,2044.163278,89622.65839,65742.69729
163000-00000,3314,1228221.395,0,2,9,2,8,1,0,1,2177.188147,2177.188147,0,151731.3593,10616.54893,749093.2656,398965.1196
269000-00000,1903,3339926.683,0,0,1,0,1,1,0,0,6414.592778,9307.740448,0,61863.79791,1947.678532,60116.02678,6313.217792
185000-00000,566,9377573.01,0,0,1,0,1,1,0,0,11826.44589,13363.96993,0,0,0,0,0
262000-00000,3212,5078372.088,0,1,2,1,2,1,0,0,3781.803066,8985.05065,0,65047.52984,6103.505864,179405.4129,14640.44536
219000-00000,287,1175670.859,0,0,1,0,1,0,0,0,1855.969735,7090.143683,0,0,0,436294.3049,19230.64795
179000-00000,617,7860834.528,0,0,1,0,1,0,0,0,13597.78836,14411.33804,0,0,0,0,0
229000-00000,1725,1976837.514,0,0,0,0,0,0,0,0,2432.549349,9773.384786,0,59937.95098,1622.91931,70269.64419,37562.96439
181000-00000,393,9153149.065,0,0,0,0,0,0,0,0,14869.19768,16186.96794,0,0,0,0,0
176000-00000,95,1931614.864,0,0,0,0,0,0,0,0,8270.216579,9034.3343,0,0,0,9839.224007,0
160000-00000,294,2362824.036,0,0,0,0,0,0,0,0,5891.638034,6082.134113,0,87.67289489,0,1799.514932,1799.514932
191000-00000,594,7228587.047,0,0,0,0,0,0,0,0,10285.79676,11597.22642,0,0,0,0,0
195000-00000,1362,2338836.182,0,0,3,0,1,1,0,1,1577.904856,5770.875323,0,4966.353096,0,294818.5791,71859.95702
151000-00000,3428,5023027.471,0,0,3,0,3,1,0,1,4634.895602,7398.301692,0,117.1644073,0,48588.20565,5013.041691
249000-00000,201,975522.7359,0,0,0,0,0,0,0,0,11637.27604,14651.94464,0,4212.050718,71.90462356,2970.535447,2970.535447
268000-00000,207,2220482.222,0,0,0,0,0,0,0,0,5708.963898,9821.358067,0,0,0,6875.739793,1947.678532
120000-67642,928,176657.5231,0,0,0,0,0,0,0,0,3485.576638,3485.576638,0,7882.802533,0,624070.6161,119470.1907
